 FREQ,RESULTS,DATE
359,1 2 3 4 13 48,Jul-92
799,1 2 3 4 29 48,Nov-15
10836,1 2 3 19 25 41,Jan-07
24651,1 2 4 18 28 35,Mar-01
28625,1 2 4 32 38 39,Sep-19
31093,1 2 5 7 40 44,May-85
33652,1 2 5 11 17 19,Aug-97
45201,1 2 6 10 14 29,Jan-99
45260,1 2 6 10 16 21,Jun-98
51950,1 2 6 22 36 47,Nov-98
52617,1 2 6 24 40 47,Feb-02
56068,1 2 7 9 18 27,Apr-16
56143,1 2 7 9 20 43,Feb-85
56170,1 2 7 9 21 42,Sep-91
57165,1 2 7 10 33 38,Mar-13
57888,1 2 7 11 34 43,Apr-88
58926,1 2 7 13 22 31,Nov-83
59862,1 2 7 14 41 49,Jul-89
60729,1 2 7 16 27 30,Dec-14
60959,1 2 7 16 43 44,Mar-04
69293,1 2 8 12 41 45,Apr-93
74491,1 2 8 23 46 48,Aug-83
78817,1 2 9 12 21 39,Sep-15
80483,1 2 9 15 17 37,Mar-12
80574,1 2 9 15 20 38,Jun-02
91698,1 2 10 19 22 44,Dec-13
93614,1 2 10 24 29 39,Jul-96
106646,1 2 12 16 28 41,Jan-03
108286,1 2 12 20 21 47,Aug-92
111279,1 2 12 30 37 43,Nov-02
114190,1 2 13 17 24 39,Apr-10
114339,1 2 13 17 31 41,Feb-94
116162,1 2 13 21 42 48,Dec-83
118389,1 2 13 30 35 38,Nov-20
123788,1 2 14 25 29 46,Mar-93
123948,1 2 14 25 41 44,Oct-99
130173,1 2 15 26 39 49,May-92
135067,1 2 16 24 36 49,Apr-12
145046,1 2 18 26 36 44,Jul-17
146710,1 2 18 38 42 45,Apr-08
156757,1 2 21 30 31 38,Sep-04
161705,1 2 23 27 31 32,Mar-20
162097,1 2 23 29 30 42,Dec-07
173568,1 2 30 31 34 49,Jan-98
174176,1 2 30 36 42 43,Jan-05
175370,1 2 32 33 38 49,May-13
176628,1 2 34 35 45 47,Sep-94
177879,1 2 38 39 40 49,Oct-11
184005,1 3 4 11 34 40,Dec-02
189866,1 3 4 23 36 38,Nov-91
190032,1 3 4 24 28 36,Dec-14
193148,1 3 5 6 24 39,Dec-98
194491,1 3 5 8 13 31,Apr-16
199018,1 3 5 14 27 44,Oct-87
199914,1 3 5 16 20 26,Jan-96
204084,1 3 5 27 30 45,Jan-99
205283,1 3 5 34 38 43,Jul-19
209471,1 3 6 11 27 47,Dec-96
214497,1 3 6 21 22 33,Nov-17
214929,1 3 6 22 25 39,Aug-91
215646,1 3 6 24 29 45,Feb-20
218864,1 3 7 8 35 44,Jan-92
221120,1 3 7 11 38 40,Jan-12
222432,1 3 7 13 39 46,Feb-97
223656,1 3 7 16 17 37,Mar-16
226803,1 3 7 23 28 42,Apr-91
227461,1 3 7 25 33 34,Feb-96
227967,1 3 7 27 34 41,May-95
229725,1 3 8 9 12 40,May-17
231419,1 3 8 11 20 30,Apr-95
232372,1 3 8 12 32 47,Jan-11
235692,1 3 8 18 35 47,Oct-85
238694,1 3 8 27 39 48,May-93
267629,1 3 11 40 42 48,Oct-04
268461,1 3 12 14 17 46,Apr-97
279229,1 3 13 21 32 45,Jun-93
288564,1 3 14 33 37 49,Mar-90
289357,1 3 15 16 22 39,Sep-04
291024,1 3 15 19 36 37,Mar-11
293468,1 3 15 27 31 36,Oct-15
299334,1 3 16 29 31 46,Oct-97
300550,1 3 16 41 42 46,Oct-86
305662,1 3 18 19 22 37,Mar-19
307171,1 3 18 23 24 35,Jan-99
312433,1 3 19 27 30 48,Jun-01
313191,1 3 19 31 32 47,Apr-83
313397,1 3 19 32 37 47,Jun-93
314698,1 3 20 22 30 44,Aug-88
318619,1 3 21 24 31 46,Dec-14
324727,1 3 23 26 35 38,Apr-11
326003,1 3 23 33 40 48,Jun-13
326205,1 3 23 35 41 46,Nov-14
327341,1 3 24 27 43 45,Sep-91
330828,1 3 25 40 44 47,Jul-18
332111,1 3 26 33 42 46,Oct-08
336273,1 3 29 35 37 47,Jan-87
337361,1 3 30 36 42 43,Jun-90
337765,1 3 31 32 39 49,Oct-16
341395,1 3 40 43 45 46,May-84
342927,1 4 5 7 21 40,Sep-19
344676,1 4 5 9 27 42,Jun-95
349436,1 4 5 17 21 29,Sep-19
359584,1 4 6 13 20 44,Jan-13
364562,1 4 6 24 26 29,Sep-12
368057,1 4 7 9 12 37,Aug-15
376416,1 4 7 25 30 45,Aug-10
379393,1 4 8 9 47 48,Aug-98
387621,1 4 8 27 34 40,Apr-90
388137,1 4 8 30 31 33,May-94
410933,1 4 11 16 23 33,Feb-89
411018,1 4 11 16 26 46,Mar-13
425995,1 4 13 16 30 31,Aug-87
432824,1 4 14 17 21 26,May-84
433067,1 4 14 17 31 44,Aug-98
434498,1 4 14 20 41 44,May-02
434538,1 4 14 21 22 29,Jul-98
442489,1 4 15 27 32 45,Dec-93
446552,1 4 16 22 32 37,Jun-00
462316,1 4 19 31 45 47,Aug-86
463259,1 4 20 21 26 43,Jun-04
465452,1 4 20 28 44 47,Aug-87
466117,1 4 20 33 34 37,Jun-86
470276,1 4 22 23 34 35,Jan-94
471156,1 4 22 26 37 47,Aug-98
480055,1 4 26 27 35 45,Oct-89
486837,1 4 31 33 36 39,Jul-88
492650,1 5 6 9 22 44,Jul-89
493627,1 5 6 10 33 49,Jan-90
496469,1 5 6 15 20 22,Sep-91
498224,1 5 6 18 31 35,May-84
502967,1 5 7 8 11 13,Oct-83
504893,1 5 7 10 23 40,Aug-86
504974,1 5 7 10 26 49,Jul-02
508697,1 5 7 16 28 46,May-17
516384,1 5 8 11 29 33,Dec-10
518422,1 5 8 14 38 45,Aug-96
526108,1 5 9 11 22 38,Dec-09
527083,1 5 9 12 39 41,Mar-18
538017,1 5 10 15 40 41,Dec-16
538575,1 5 10 16 44 45,Dec-92
552249,1 5 11 37 44 47,Jan-08
555133,1 5 12 17 31 44,Feb-04
564250,1 5 13 22 28 43,Jul-02
567540,1 5 14 15 20 43,Feb-02
571349,1 5 14 24 25 38,Jan-84
572217,1 5 14 27 30 41,Mar-13
577026,1 5 15 23 25 31,Sep-20
579267,1 5 15 33 35 47,Jun-86
589607,1 5 17 32 39 45,Jul-07
590450,1 5 18 19 24 28,Feb-03
594273,1 5 18 34 35 37,Sep-91
604608,1 5 21 29 37 42,Jun-89
605521,1 5 21 36 44 45,May-87
608710,1 5 22 42 47 49,Jun-98
614547,1 5 25 30 31 48,Dec-87
620699,1 5 29 32 37 43,Feb-00
621420,1 5 29 43 44 48,Feb-03
626762,1 6 7 8 22 46,Dec-10
628484,1 6 7 10 31 49,Sep-18
630977,1 6 7 14 26 48,May-20
635304,1 6 7 24 30 48,Apr-11
638702,1 6 8 10 14 49,Aug-97
638707,1 6 8 10 15 20,Apr-06
639672,1 6 8 11 23 46,Nov-05
640895,1 6 8 13 21 26,Sep-15
647326,1 6 8 30 32 44,Oct-90
648217,1 6 8 38 39 40,Feb-08
665520,1 6 10 26 31 38,Jun-12
674223,1 6 11 27 33 41,Oct-85
679283,1 6 12 19 24 31,Aug-12
683806,1 6 13 14 19 34,Jan-93
684444,1 6 13 15 22 27,Sep-83
689585,1 6 13 29 37 39,Aug-13
692560,1 6 14 18 25 34,Oct-98
701661,1 6 15 27 33 40,Mar-08
702849,1 6 15 34 42 44,Sep-83
708257,1 6 16 34 37 41,Nov-04
708592,1 6 16 38 41 48,Jul-93
709651,1 6 17 19 41 42,Feb-09
709967,1 6 17 20 33 44,Oct-98
720156,1 6 19 25 33 48,Apr-00
721191,1 6 19 30 32 44,Jan-17
722727,1 6 20 22 24 46,Jan-09
727676,1 6 21 27 43 49,Aug-90
732215,1 6 23 24 27 39,Jun-82
734304,1 6 23 35 36 39,Sep-03
738138,1 6 25 31 33 43,May-02
744375,1 6 29 34 41 46,Jan-03
746412,1 6 31 37 44 45,Mar-06
750749,1 7 8 10 18 36,Jun-04
753669,1 7 8 14 32 33,Jul-05
759765,1 7 8 33 40 44,Jan-02
761735,1 7 9 11 37 40,Mar-98
766965,1 7 9 21 46 47,Oct-88
779851,1 7 11 12 29 39,Nov-87
780830,1 7 11 14 19 38,Dec-85
782628,1 7 11 17 27 47,May-14
793281,1 7 12 24 44 49,Jan-04
800392,1 7 13 24 40 46,Dec-93
801644,1 7 13 30 34 36,Jan-02
803676,1 7 14 16 32 41,Aug-97
804512,1 7 14 18 26 33,Aug-94
808426,1 7 14 31 41 43,Jan-84
810525,1 7 15 18 27 40,Dec-89
811449,1 7 15 20 31 45,Jun-85
824314,1 7 17 28 41 45,Mar-86
825872,1 7 18 19 27 41,Mar-93
827375,1 7 18 23 29 43,Aug-01
828655,1 7 18 28 30 34,Apr-16
830906,1 7 19 21 39 45,May-09
833319,1 7 19 31 35 44,Sep-10
833924,1 7 19 36 42 49,Dec-85
845359,1 7 23 29 30 33,Sep-09
852678,1 7 26 40 43 45,Jan-04
853390,1 7 27 31 34 39,Jan-18
854794,1 7 28 31 40 44,Mar-92
864901,1 8 9 14 37 45,Oct-96
874627,1 8 10 15 40 41,Jul-96
879979,1 8 10 33 34 38,Sep-20
880175,1 8 10 34 42 45,Jun-86
885507,1 8 11 21 24 41,Jan-12
901464,1 8 13 24 27 43,Oct-04
902513,1 8 13 28 31 44,Jul-88
906237,1 8 14 19 27 31,Mar-89
914345,1 8 15 25 31 41,Jul-89
916189,1 8 15 36 38 49,Oct-10
917045,1 8 16 18 19 38,Feb-93
923151,1 8 17 20 32 44,Dec-88
927175,1 8 18 19 29 33,Mar-91
928966,1 8 18 24 30 45,Nov-19
929806,1 8 18 27 35 45,Apr-11
933659,1 8 19 26 37 44,Jun-12
933815,1 8 19 27 32 39,Jan-97
944840,1 8 22 34 38 43,Mar-95
953356,1 8 26 32 43 49,Jul-87
954919,1 8 27 33 34 42,Jan-05
957144,1 8 29 31 35 39,Jul-15
962277,1 8 37 39 44 45,Feb-14
967859,1 9 10 19 33 43,Mar-18
969595,1 9 10 24 32 35,Aug-06
980309,1 9 11 38 45 48,Jul-18
986933,1 9 12 29 30 42,Apr-13
998266,1 9 14 20 43 48,Oct-90
1005942,1 9 15 26 29 32,Aug-06
1006147,1 9 15 26 47 48,Jan-00
1008354,1 9 16 17 38 42,May-87
1022192,1 9 18 33 36 48,Oct-95
1024706,1 9 19 25 31 41,Nov-09
1037940,1 9 23 28 37 39,Feb-10
1038819,1 9 23 34 37 43,May-95
1042055,1 9 25 27 37 40,Feb-04
1043117,1 9 25 34 35 42,Mar-89
1046347,1 9 27 33 37 41,Jan-96
1050447,1 9 31 32 34 45,Dec-18
1054505,1 10 11 12 19 27,Mar-16
1056377,1 10 11 15 22 29,Jan-90
1058286,1 10 11 19 21 41,Apr-13
1073290,1 10 13 19 25 33,Jan-86
1075008,1 10 13 23 41 43,Nov-10
1078445,1 10 14 16 25 39,Oct-03
1080068,1 10 14 19 38 45,Oct-00
1093281,1 10 16 24 39 48,Jan-96
1093514,1 10 16 25 36 38,Jun-10
1093587,1 10 16 25 43 48,Aug-90
1095448,1 10 16 38 44 45,Jan-99
1096809,1 10 17 20 33 45,Sep-99
1100675,1 10 18 19 23 27,Jan-17
1100784,1 10 18 19 27 42,Dec-94
1101248,1 10 18 20 30 40,Apr-04
1102626,1 10 18 24 31 46,Sep-06
1103440,1 10 18 27 35 38,Aug-84
1106768,1 10 19 24 37 41,Dec-86
1122518,1 10 24 28 39 45,Jun-14
1124197,1 10 25 27 30 36,Nov-07
1126512,1 10 26 29 40 45,May-04
1127480,1 10 26 38 39 47,Oct-06
1129055,1 10 27 38 44 47,Jan-19
1132441,1 10 30 37 44 49,May-02
1138194,1 11 12 15 32 46,May-04
1139212,1 11 12 17 32 40,Jul-12
1153090,1 11 14 18 20 38,Apr-02
1154186,1 11 14 20 31 40,Jul-04
1167766,1 11 16 27 32 49,Nov-90
1169987,1 11 17 19 22 45,Jul-20
1173106,1 11 17 29 31 46,Apr-09
1174321,1 11 17 41 42 45,Oct-03
1182671,1 11 19 36 48 49,Apr-18
1183784,1 11 20 23 28 32,Jan-92
1190735,1 11 22 25 39 41,Nov-06
1191152,1 11 22 27 33 49,Jul-01
1191305,1 11 22 28 30 43,Oct-97
1193138,1 11 23 25 27 30,Jan-15
1199988,1 11 26 28 30 31,Feb-94
1204522,1 11 29 30 42 44,Jun-03
1216031,1 12 13 28 32 44,Mar-01
1223546,1 12 14 34 39 48,Aug-94
1224183,1 12 15 16 21 35,Oct-05
1225601,1 12 15 19 22 30,Feb-86
1237327,1 12 17 22 29 44,Jan-14
1242319,1 12 18 23 42 47,Jul-00
1242341,1 12 18 23 47 49,May-96
1249903,1 12 20 23 31 49,Apr-88
1250436,1 12 20 25 29 43,Feb-92
1256738,1 12 22 25 35 45,May-15
1258467,1 12 22 35 42 44,Feb-12
1267729,1 12 27 28 41 44,Jan-96
1268018,1 12 27 30 34 49,Jul-20
1274993,1 12 34 42 44 45,May-89
1280569,1 13 14 24 36 44,Jun-20
1282944,1 13 14 45 46 48,Jan-89
1293302,1 13 16 30 33 48,Dec-12
1294850,1 13 17 18 45 48,Dec-87
1296572,1 13 17 23 30 40,Jan-91
1305997,1 13 19 26 32 46,Mar-07
1307096,1 13 19 32 33 38,Nov-87
1314297,1 13 21 34 36 42,Jan-05
1319936,1 13 23 35 38 42,Apr-08
1320009,1 13 23 36 37 48,May-00
1321507,1 13 24 29 43 49,Feb-15
1324929,1 13 26 28 29 41,Sep-98
1328802,1 13 28 34 37 45,Oct-15
1340261,1 14 15 30 37 49,Dec-88
1342202,1 14 16 18 38 49,Oct-02
1347609,1 14 17 19 40 42,Sep-10
1349377,1 14 17 24 41 42,Sep-96
1350482,1 14 17 29 36 37,Aug-12
1359791,1 14 19 34 42 49,Aug-94
1361648,1 14 20 25 27 31,Jun-96
1364404,1 14 21 23 29 46,Jan-13
1368055,1 14 22 25 40 42,Dec-83
1370519,1 14 23 25 30 41,Jun-01
1371041,1 14 23 27 32 44,Jul-09
1372357,1 14 23 35 47 49,Mar-06
1373958,1 14 24 30 35 45,Nov-05
1377717,1 14 26 30 33 38,Dec-02
1380085,1 14 27 37 39 42,May-88
1381400,1 14 28 36 47 49,Oct-89
1384657,1 14 32 33 37 40,Mar-05
1391155,1 15 16 26 29 37,Aug-87
1394103,1 15 17 20 23 43,Sep-16
1396096,1 15 17 26 28 38,Dec-09
1398321,1 15 18 19 29 37,May-06
1407072,1 15 20 22 24 49,Oct-83
1409299,1 15 20 30 41 48,Jun-09
1409754,1 15 20 34 36 39,Apr-96
1410583,1 15 21 22 38 39,Jan-14
1416308,1 15 22 38 42 45,Mar-87
1420906,1 15 24 34 40 48,Sep-03
1421040,1 15 24 36 37 43,Mar-94
1425500,1 15 27 29 35 47,Sep-96
1430235,1 15 31 32 37 42,Jun-87
1436538,1 16 17 24 31 32,Apr-01
1436677,1 16 17 24 41 46,Feb-17
1438029,1 16 17 30 44 49,Apr-96
1445008,1 16 19 24 26 47,Nov-20
1447145,1 16 19 35 39 40,Mar-88
1447649,1 16 20 21 25 33,Sep-89
1451442,1 16 21 22 33 43,May-15
1459243,1 16 23 32 35 45,Aug-95
1464004,1 16 25 36 39 42,Oct-84
1466235,1 16 27 28 36 39,Feb-19
1467794,1 16 28 29 39 45,Aug-08
1468374,1 16 28 33 39 45,Jul-16
1480515,1 17 19 22 36 44,Dec-02
1486931,1 17 20 37 42 44,Oct-89
1488872,1 17 21 27 40 44,Jun-00
1493686,1 17 23 25 26 34,Jan-20
1495457,1 17 23 34 37 49,Aug-07
1497030,1 17 24 29 34 46,May-06
1501429,1 17 26 33 36 43,Nov-86
1501808,1 17 26 37 39 49,Dec-87
1508128,1 17 32 35 38 48,Dec-04
1514166,1 18 19 31 45 49,Nov-88
1516012,1 18 20 23 41 47,Nov-06
1516708,1 18 20 26 31 39,May-89
1529908,1 18 25 26 36 39,Dec-11
1531709,1 18 25 41 47 48,Apr-00
1533061,1 18 26 34 42 48,Mar-02
1533731,1 18 27 28 43 47,Oct-01
1537877,1 18 30 33 36 47,Aug-05
1541582,1 18 36 40 44 47,Oct-91
1545758,1 19 20 36 46 49,Mar-95
1546420,1 19 21 23 24 46,Dec-90
1549333,1 19 22 23 24 34,Nov-93
1551016,1 19 22 29 35 48,Nov-99
1552266,1 19 23 24 25 43,Nov-09
1555207,1 19 24 26 31 32,Sep-94
1556574,1 19 24 33 44 45,Aug-96
1566725,1 19 31 44 46 49,Nov-19
1570430,1 20 21 23 40 41,Jan-08
1570435,1 20 21 23 40 46,Aug-20
1577673,1 20 23 31 34 44,Oct-97
1578258,1 20 23 36 38 49,Jan-04
1580267,1 20 24 33 37 43,May-13
1581314,1 20 25 27 37 46,Jul-14
1585905,1 20 27 36 40 42,Jul-12
1586195,1 20 27 42 46 48,Nov-01
1589800,1 20 31 32 45 46,Oct-05
1596855,1 21 23 25 29 44,Sep-93
1597494,1 21 23 27 40 45,May-05
1599651,1 21 24 27 30 37,Mar-87
1604215,1 21 26 31 32 47,May-98
1609136,1 21 29 42 45 47,Nov-01
1625422,1 22 28 38 47 48,Dec-11
1634002,1 23 25 26 33 44,Jan-97
1636210,1 23 26 28 33 40,May-07
1637434,1 23 26 37 43 49,Feb-90
1640993,1 23 29 32 45 49,Nov-17
1641154,1 23 29 34 37 45,Jun-08
1642476,1 23 30 38 45 48,Sep-11
1648782,1 24 26 28 29 32,Apr-92
1653102,1 24 28 40 46 49,Oct-89
1653925,1 24 29 35 40 45,Sep-00
1656508,1 24 32 36 48 49,Oct-88
1658096,1 24 35 41 42 49,Feb-19
1666741,1 25 32 33 34 35,Apr-03
1668442,1 25 35 36 37 44,Apr-06
1673548,1 26 29 37 40 43,May-99
1674052,1 26 30 32 39 47,Oct-07
1676322,1 26 33 34 38 46,Oct-85
1676542,1 26 33 36 45 48,Dec-12
1677892,1 26 36 42 44 46,Mar-88
1680648,1 27 29 34 42 48,Apr-87
1682257,1 27 31 33 35 47,Mar-01
1684488,1 27 34 40 41 44,May-87
1699677,1 30 36 37 38 40,Feb-89
1703377,1 31 38 43 45 46,May-01
1707747,1 33 40 41 45 48,Jun-04
1708643,1 34 37 39 40 42,Aug-08
1709886,1 35 38 40 47 48,Jul-10
1712013,1 39 42 45 48 49,May-11
1716971,2 3 4 10 21 43,Dec-19
1717825,2 3 4 11 27 47,Nov-19
1730324,2 3 5 10 26 27,Mar-99
1738159,2 3 5 27 40 46,Mar-17
1743483,2 3 6 11 31 42,Nov-86
1746045,2 3 6 15 39 44,Sep-99
1754566,2 3 7 11 16 20,Jun-18
1756274,2 3 7 13 32 40,May-12
1756979,2 3 7 14 41 42,Jul-14
1758741,2 3 7 18 24 26,Jan-20
1760578,2 3 7 22 38 48,May-90
1771782,2 3 8 24 32 48,Oct-88
1778406,2 3 9 16 27 43,Jun-96
1778705,2 3 9 17 20 21,Nov-15
1778940,2 3 9 17 29 40,Aug-13
1780550,2 3 9 21 26 29,Apr-06
1787539,2 3 10 16 27 37,Jan-98
1794879,2 3 11 14 27 30,Jul-97
1795583,2 3 11 15 34 47,Oct-97
1803025,2 3 12 15 19 49,May-12
1807749,2 3 12 27 31 47,Aug-00
1809873,2 3 13 14 31 36,Oct-04
1810776,2 3 13 16 22 48,Sep-95
1811282,2 3 13 17 23 32,Jun-01
1811292,2 3 13 17 23 42,Sep-96
1814724,2 3 13 26 36 38,Dec-90
1814873,2 3 13 27 30 49,Sep-94
1817893,2 3 14 17 25 49,Oct-97
1825039,2 3 15 19 44 45,Apr-97
1826482,2 3 15 23 41 46,Jul-11
1832437,2 3 16 25 34 46,Oct-20
1834343,2 3 16 37 45 49,Sep-05
1834596,2 3 17 18 19 46,Mar-04
1839321,2 3 17 38 40 42,May-94
1842941,2 3 18 30 34 40,Oct-91
1843150,2 3 18 31 38 46,Jul-07
1846672,2 3 19 28 36 45,Nov-08
1847324,2 3 19 32 36 47,May-97
1857014,2 3 22 31 34 45,Jul-98
1857124,2 3 22 32 33 34,Oct-99
1858528,2 3 23 26 27 40,Oct-83
1859281,2 3 23 29 34 36,Oct-10
1860796,2 3 24 25 43 45,Mar-96
1864589,2 3 25 37 39 40,Jul-00
1872139,2 3 31 36 46 48,Jun-94
1888718,2 4 5 44 46 47,Sep-04
1892570,2 4 6 11 37 47,Jan-02
1892612,2 4 6 11 42 44,Sep-88
1897560,2 4 6 21 27 42,Nov-86
1897866,2 4 6 22 25 42,Nov-16
1899067,2 4 6 26 27 44,Mar-95
1912968,2 4 8 9 22 34,Jul-93
1916879,2 4 8 15 22 49,Jul-02
1930149,2 4 9 22 43 44,Mar-10
1930780,2 4 9 24 44 45,Oct-19
1932191,2 4 9 31 36 40,Mar-02
1949593,2 4 11 30 34 47,Feb-08
1953012,2 4 12 17 18 47,May-15
1953746,2 4 12 18 29 41,Dec-19
1956050,2 4 12 24 36 38,Oct-09
1957376,2 4 12 30 35 46,Mar-87
1959618,2 4 13 16 17 40,Jun-89
1963101,2 4 13 24 30 42,Nov-09
1966173,2 4 14 16 18 19,Apr-15
1971393,2 4 14 32 39 43,Jul-93
1975590,2 4 15 24 28 41,Sep-88
1976823,2 4 15 29 32 40,Sep-13
1977982,2 4 15 39 45 49,Jul-09
1979631,2 4 16 20 25 46,Dec-13
1987882,2 4 17 33 36 45,Feb-08
2000317,2 4 20 35 39 42,Nov-15
2004682,2 4 22 25 28 31,Jun-11
2009238,2 4 23 36 44 49,Jan-88
2009808,2 4 24 25 47 48,Dec-09
2012470,2 4 25 28 38 46,Mar-86
2012684,2 4 25 29 41 43,Oct-06
2016877,2 4 27 36 45 49,Sep-19
2026026,2 5 6 8 32 46,Mar-91
2028607,2 5 6 12 19 36,May-05
2038022,2 5 7 9 21 24,May-94
2047957,2 5 7 36 38 42,Feb-86
2054917,2 5 8 20 21 33,Apr-08
2059341,2 5 9 10 22 35,Dec-97
2061343,2 5 9 13 22 38,Sep-12
2062287,2 5 9 14 44 46,May-95
2063523,2 5 9 17 22 38,Jan-91
2063735,2 5 9 17 32 35,Sep-08
2064237,2 5 9 18 34 41,Jan-96
2064898,2 5 9 20 25 32,Jun-10
2066184,2 5 9 23 38 43,May-88
2069307,2 5 10 11 27 39,Jul-17
2073217,2 5 10 18 26 30,Jan-20
2080270,2 5 11 15 31 36,Jul-99
2084721,2 5 11 27 31 43,May-90
2091254,2 5 12 22 44 48,Jul-13
2093268,2 5 12 31 34 48,Aug-09
2096638,2 5 13 18 29 42,Nov-01
2098635,2 5 13 23 35 45,Sep-88
2098933,2 5 13 24 35 43,Apr-09
2110140,2 5 15 20 38 39,Dec-14
2117111,2 5 16 25 30 40,Jan-13
2118995,2 5 16 36 41 43,Feb-14
2121553,2 5 17 23 33 47,Sep-16
2125383,2 5 18 21 34 43,Jan-05
2127527,2 5 18 29 35 37,May-99
2128416,2 5 18 36 37 47,May-99
2129361,2 5 19 21 29 46,Jun-19
2130851,2 5 19 26 29 31,Jul-09
2132820,2 5 19 44 48 49,Jan-20
2135466,2 5 20 30 39 45,Sep-12
2137267,2 5 21 24 29 46,Feb-85
2145394,2 5 24 25 31 35,Apr-92
2145480,2 5 24 25 36 46,Feb-87
2153409,2 5 28 31 42 45,May-88
2154949,2 5 29 35 37 38,Jul-84
2157345,2 5 32 34 38 49,Jan-03
2158050,2 5 33 35 47 49,Jan-90
2160872,2 6 7 8 30 37,Nov-92
2164409,2 6 7 13 31 36,Feb-05
2176086,2 6 8 15 24 44,May-02
2177130,2 6 8 17 25 40,Apr-95
2183212,2 6 9 11 14 37,Jan-07
2188581,2 6 9 20 43 44,Jul-06
2212593,2 6 12 17 39 47,Sep-01
2212734,2 6 12 18 22 29,Dec-06
2213043,2 6 12 18 38 42,Sep-95
2221064,2 6 13 20 42 48,Jan-04
2229943,2 6 14 28 44 47,Feb-89
2232898,2 6 15 19 24 38,May-12
2235411,2 6 15 26 36 40,Aug-93
2235964,2 6 15 29 31 37,Dec-93
2240309,2 6 16 24 34 38,Jun-98
2247226,2 6 17 34 46 48,Feb-03
2249968,2 6 18 25 30 32,Sep-05
2254607,2 6 19 27 35 47,Aug-03
2257235,2 6 20 23 38 45,Jul-08
2259389,2 6 20 34 39 44,May-88
2264438,2 6 22 27 34 37,Jun-88
2275931,2 6 27 35 41 42,Dec-96
2276216,2 6 27 40 41 47,Jan-00
2287934,2 7 8 15 21 40,Oct-93
2289392,2 7 8 18 20 37,Nov-09
2290426,2 7 8 20 28 34,Jan-95
2291273,2 7 8 22 34 47,Nov-86
2293610,2 7 8 32 43 49,Jul-08
2299354,2 7 9 18 23 38,Feb-12
2303356,2 7 9 31 44 46,Nov-96
2306447,2 7 10 14 23 42,Jul-88
2315755,2 7 11 15 42 49,Aug-91
2316302,2 7 11 16 47 48,Mar-14
2323080,2 7 12 15 18 48,Oct-89
2324109,2 7 12 17 19 23,Aug-90
2325976,2 7 12 21 25 47,Sep-13
2327795,2 7 12 27 29 44,Nov-85
2331471,2 7 13 17 27 41,Dec-10
2346319,2 7 15 23 25 45,Mar-06
2346829,2 7 15 24 37 45,Feb-14
2348256,2 7 15 31 33 42,Jul-18
2348847,2 7 15 36 37 49,Jul-03
2358748,2 7 17 31 39 43,Sep-14
2360427,2 7 18 20 41 48,Sep-12
2363346,2 7 18 32 36 43,Aug-07
2371988,2 7 21 22 30 33,Mar-83
2374008,2 7 21 30 33 46,Mar-20
2374492,2 7 21 33 39 46,Nov-01
2375067,2 7 21 43 44 46,Aug-02
2376107,2 7 22 26 32 38,Aug-16
2376478,2 7 22 27 45 48,Jul-05
2382641,2 7 24 37 38 40,Jun-13
2383862,2 7 25 30 34 36,Jul-16
2386156,2 7 26 33 46 48,Feb-20
2386305,2 7 26 35 39 43,Jul-04
2393849,2 7 34 36 37 40,Jul-84
2394263,2 7 35 36 42 45,Apr-14
2396631,2 8 9 11 21 39,Jan-15
2398282,2 8 9 13 41 44,Feb-17
2400800,2 8 9 18 31 42,Aug-85
2401470,2 8 9 20 23 43,Jul-91
2406494,2 8 10 12 23 44,Oct-93
2407579,2 8 10 14 18 44,Dec-98
2410032,2 8 10 18 37 48,Jul-19
2410719,2 8 10 20 28 38,Apr-12
2416724,2 8 11 15 24 27,Dec-13
2420546,2 8 11 24 30 36,Apr-01
2420998,2 8 11 25 45 47,Jul-90
2421012,2 8 11 26 27 33,Mar-13
2424606,2 8 12 15 28 49,Sep-02
2424771,2 8 12 15 39 49,Feb-92
2425991,2 8 12 18 24 35,Nov-01
2426407,2 8 12 19 23 41,Dec-05
2427785,2 8 12 22 36 37,Dec-08
2428385,2 8 12 24 34 39,Aug-96
2429184,2 8 12 27 37 39,May-99
2432213,2 8 13 16 26 31,Jan-97
2435104,2 8 13 23 27 44,Aug-90
2454991,2 8 16 31 34 36,May-97
2457235,2 8 17 21 22 26,Mar-19
2458242,2 8 17 23 40 42,May-15
2468608,2 8 19 31 43 48,Nov-02
2471710,2 8 20 28 39 40,Apr-98
2471729,2 8 20 28 41 42,Nov-99
2478049,2 8 22 29 34 48,Oct-08
2479750,2 8 23 25 33 48,Oct-07
2487989,2 8 26 46 48 49,Feb-09
2489610,2 8 28 29 34 44,Jul-11
2491282,2 8 29 32 40 47,Apr-87
2494178,2 8 32 36 47 49,Aug-13
2496805,2 8 42 45 47 49,Dec-99
2511376,2 9 11 22 34 35,May-08
2511400,2 9 11 22 35 45,Dec-07
2511585,2 9 11 23 27 45,Oct-00
2513529,2 9 11 31 37 40,Dec-87
2520918,2 9 12 29 33 37,Dec-06
2521127,2 9 12 30 35 46,Mar-05
2524409,2 9 13 18 20 29,Apr-86
2524796,2 9 13 18 40 46,Nov-20
2544276,2 9 16 22 34 40,Jun-90
2545712,2 9 16 27 38 41,Aug-18
2546922,2 9 16 35 41 48,Apr-99
2550071,2 9 17 25 30 40,Mar-96
2558386,2 9 19 24 32 41,Sep-91
2560175,2 9 19 33 35 45,Nov-04
2560562,2 9 19 37 39 46,Jan-98
2565366,2 9 21 24 35 46,Nov-98
2568660,2 9 22 25 47 49,Dec-89
2568664,2 9 22 26 27 30,Jul-18
2575909,2 9 25 27 31 42,Feb-16
2579369,2 9 26 44 47 49,Aug-08
2588087,2 9 40 43 47 48,Dec-04
2591188,2 10 11 16 42 43,May-06
2591453,2 10 11 17 26 44,Jun-05
2594999,2 10 11 27 33 37,May-00
2595840,2 10 11 31 43 49,Mar-83
2597979,2 10 12 15 18 36,May-99
2605379,2 10 13 15 28 41,Nov-07
2605966,2 10 13 16 31 43,Nov-18
2609514,2 10 13 25 40 42,Nov-18
2613840,2 10 14 19 28 33,Mar-15
2615255,2 10 14 23 26 31,Jun-16
2615669,2 10 14 24 31 45,Nov-99
2625990,2 10 16 21 24 49,May-13
2627969,2 10 16 27 38 47,Jun-89
2629240,2 10 16 36 40 45,Oct-13
2630454,2 10 17 19 44 47,Apr-13
2635188,2 10 18 20 30 41,Dec-15
2642758,2 10 19 36 40 48,Jun-07
2644700,2 10 20 25 44 48,Jun-02
2644872,2 10 20 26 35 48,Feb-87
2654675,2 10 23 31 39 49,Sep-97
2656900,2 10 24 31 33 49,Sep-08
2659660,2 10 25 38 41 42,Mar-94
2661878,2 10 27 29 31 49,Sep-00
2662151,2 10 27 30 39 43,Jan-20
2664470,2 10 28 43 44 48,Mar-18
2669881,2 10 37 40 42 44,Apr-89
2670273,2 10 39 46 47 48,Jun-85
2677073,2 11 12 29 40 42,Dec-10
2682704,2 11 13 23 35 48,Jan-17
2688725,2 11 14 22 25 34,Aug-00
2688981,2 11 14 22 41 42,Jul-13
2698492,2 11 16 18 21 33,Sep-01
2700587,2 11 16 23 29 45,Feb-87
2702437,2 11 16 31 33 41,Apr-05
2716415,2 11 19 34 42 44,Jan-87
2716486,2 11 19 35 39 48,Jul-19
2719238,2 11 20 29 30 48,Aug-02
2722338,2 11 21 28 31 44,Dec-11
2724006,2 11 22 23 32 40,Jul-87
2728773,2 11 23 33 43 46,Aug-95
2730487,2 11 24 29 42 46,Sep-99
2730790,2 11 24 31 39 49,Jun-07
2732094,2 11 25 27 40 44,Apr-01
2733217,2 11 25 34 46 49,Dec-91
2738776,2 11 29 32 48 49,Oct-09
2739910,2 11 30 34 38 44,Mar-90
2741361,2 11 32 33 48 49,Dec-92
2757903,2 12 14 41 42 43,Feb-06
2765276,2 12 16 19 36 37,Mar-99
2777006,2 12 18 26 35 36,Oct-13
2779359,2 12 19 21 24 43,Jan-94
2779574,2 12 19 21 35 49,May-92
2782746,2 12 19 38 41 47,Aug-16
2782760,2 12 19 38 43 48,Jun-02
2786203,2 12 20 35 41 49,Jan-12
2789382,2 12 21 34 41 43,Nov-96
2791437,2 12 22 28 41 48,Jul-15
2792743,2 12 22 42 43 46,Dec-12
2793376,2 12 23 26 27 31,Dec-10
2794987,2 12 23 35 39 49,Jul-11
2795863,2 12 24 26 38 42,Mar-92
2798298,2 12 25 28 35 48,Aug-08
2799606,2 12 25 40 41 47,Jan-04
2802692,2 12 27 36 39 41,Feb-94
2804672,2 12 29 31 44 46,Jan-84
2805715,2 12 30 32 37 40,Aug-14
2807188,2 12 31 40 44 45,Jun-08
2807455,2 12 32 34 38 48,Aug-07
2808829,2 12 34 39 41 45,Jun-17
2809910,2 12 38 40 42 48,Sep-86
2810177,2 12 40 42 45 47,Sep-99
2814394,2 13 14 24 29 42,Dec-03
2820441,2 13 15 24 33 35,Oct-92
2827601,2 13 16 32 39 44,Apr-12
2839634,2 13 19 25 30 32,Aug-06
2841109,2 13 19 32 38 47,Feb-98
2845810,2 13 21 22 40 44,Oct-10
2854669,2 13 24 26 31 41,Dec-17
2860694,2 13 27 29 35 38,Oct-88
2861932,2 13 27 45 48 49,Aug-17
2863148,2 13 28 40 41 43,May-88
2866741,2 13 32 39 44 49,Jan-19
2869134,2 13 41 42 44 47,May-83
2878480,2 14 16 25 30 33,Mar-92
2888674,2 14 18 28 32 43,Jun-86
2890299,2 14 19 20 26 49,Jan-91
2892850,2 14 19 28 42 44,Jan-17
2898974,2 14 21 25 32 47,Dec-00
2906370,2 14 23 36 46 47,Oct-02
2913954,2 14 27 36 38 48,Dec-18
2914598,2 14 28 30 38 45,May-99
2916053,2 14 29 32 41 44,Sep-11
2921070,2 14 37 42 44 48,Nov-89
2921411,2 14 40 41 43 46,Jan-90
2941111,2 15 20 22 29 39,Jun-20
2946641,2 15 21 31 38 49,Jun-18
2947395,2 15 21 40 41 44,Apr-16
2947476,2 15 21 42 47 49,Feb-87
2955763,2 15 25 27 38 46,Jan-14
2956490,2 15 25 31 38 49,Sep-08
2959585,2 15 27 30 34 36,Jul-10
2961922,2 15 28 41 42 46,Aug-07
2965860,2 15 33 36 42 49,Jan-14
2971754,2 16 17 29 39 41,Feb-06
2975183,2 16 18 25 27 45,May-92
2977508,2 16 19 20 23 34,Sep-17
2982430,2 16 20 23 33 43,Oct-10
2984862,2 16 20 36 45 47,Apr-97
2985295,2 16 21 22 28 47,Aug-02
2988675,2 16 22 23 36 45,Dec-97
2988822,2 16 22 24 27 45,Dec-92
2997759,2 16 25 34 37 48,Nov-03
3002771,2 16 28 39 41 46,Jul-90
3002922,2 16 28 47 48 49,Oct-19
3004964,2 16 30 41 44 48,Jul-11
3013547,2 17 19 20 26 41,Feb-99
3021034,2 17 20 41 42 44,Nov-14
3030353,2 17 24 26 35 47,Mar-02
3031133,2 17 24 30 34 39,Oct-86
3032628,2 17 25 27 37 42,Aug-18
3042215,2 17 32 37 39 42,Aug-20
3043806,2 17 35 41 46 48,Mar-04
3044750,2 17 41 42 44 47,Mar-84
3049680,2 18 20 23 24 48,Mar-09
3056682,2 18 22 25 37 39,Nov-13
3057228,2 18 22 27 44 45,Sep-14
3057644,2 18 22 30 31 33,Mar-87
3058567,2 18 22 38 39 44,Jul-05
3060945,2 18 23 35 37 42,Nov-88
3061016,2 18 23 35 47 48,Nov-11
3061408,2 18 24 25 27 30,Jun-88
3061478,2 18 24 25 30 40,Nov-06
3072609,2 18 31 33 35 37,Feb-89
3072695,2 18 31 33 43 47,Sep-93
3075288,2 18 35 42 45 47,Mar-14
3078067,2 19 20 26 32 37,Mar-90
3087642,2 19 23 29 46 47,Jul-98
3092110,2 19 25 30 41 45,May-01
3093330,2 19 26 27 44 47,Jan-86
3095708,2 19 27 32 41 43,Mar-05
3100261,2 19 31 35 39 42,Aug-07
3103013,2 19 36 45 46 47,Sep-99
3107020,2 20 22 23 24 31,Jun-94
3109056,2 20 22 31 37 49,Sep-00
3110280,2 20 23 25 27 46,Apr-89
3112719,2 20 24 25 35 45,Dec-99
3114368,2 20 24 34 43 49,Jun-88
3117423,2 20 26 29 37 45,Jun-06
3122042,2 20 29 33 40 44,Nov-10
3123580,2 20 30 43 44 47,Mar-03
3129154,2 21 22 29 34 35,Jul-06
3131932,2 21 23 30 34 42,Jul-11
3136269,2 21 25 30 35 41,Aug-96
3144195,2 21 31 32 41 49,Jun-04
3147020,2 21 36 37 45 47,May-12
3152977,2 22 25 26 32 46,Feb-95
3160979,2 22 30 33 35 42,Feb-12
3166194,2 23 24 27 36 48,May-11
3166316,2 23 24 28 31 35,Apr-98
3169164,2 23 25 33 34 41,Mar-04
3173676,2 23 28 32 33 47,May-91
3174457,2 23 28 43 47 49,Nov-03
3190748,2 24 33 34 36 37,Sep-02
3190918,2 24 33 35 44 48,Jun-08
3194939,2 25 27 28 31 47,May-14
3197661,2 25 28 40 45 46,Jul-08
3203367,2 25 38 42 45 48,Apr-99
3207393,2 26 29 36 37 45,Aug-08
3208910,2 26 31 33 38 40,Apr-92
3210124,2 26 32 40 45 49,Jun-18
3217135,2 27 32 35 41 47,Jun-98
3227588,2 29 31 40 45 48,May-83
3234804,2 31 32 34 40 49,Jan-10
3239801,2 32 39 42 45 46,Aug-05
3242450,2 34 36 41 43 45,Jan-00
3243606,2 35 37 39 43 44,Jan-16
3248696,3 4 5 8 33 38,Jan-15
3248981,3 4 5 9 14 18,Nov-97
3252428,3 4 5 14 17 31,Jun-86
3262201,3 4 6 10 18 26,Jun-16
3265744,3 4 6 15 35 40,Sep-87
3266682,3 4 6 17 30 34,Oct-14
3268007,3 4 6 20 31 35,Aug-97
3269103,3 4 6 23 33 44,Oct-13
3272105,3 4 7 8 16 34,Nov-87
3279076,3 4 7 19 30 48,Dec-16
3285565,3 4 8 12 13 46,Feb-17
3285877,3 4 8 12 24 28,Sep-02
3287795,3 4 8 15 30 31,Oct-95
3291915,3 4 8 25 41 48,Aug-06
3296977,3 4 9 14 23 48,Feb-15
3301545,3 4 9 24 46 49,May-99
3302651,3 4 9 29 38 47,Apr-91
3313425,3 4 11 12 28 31,Apr-95
3319918,3 4 11 28 30 45,Jun-05
3325889,3 4 12 21 41 49,May-19
3332703,3 4 13 21 22 46,Aug-89
3332806,3 4 13 21 27 29,Aug-04
3334111,3 4 13 25 29 41,May-90
3335774,3 4 13 34 35 36,Sep-99
3338155,3 4 14 18 28 31,Nov-11
3343845,3 4 15 17 38 47,Aug-16
3344260,3 4 15 18 34 47,Jun-02
3349541,3 4 16 18 25 43,Feb-88
3351460,3 4 16 23 26 44,Nov-20
3353913,3 4 16 35 40 44,Jan-11
3361324,3 4 18 24 32 36,Sep-18
3366789,3 4 19 30 37 40,Aug-18
3367167,3 4 19 33 34 48,Nov-82
3368439,3 4 20 22 33 46,Aug-92
3370642,3 4 20 31 41 48,Nov-12
3370986,3 4 20 34 39 48,Nov-11
3371300,3 4 20 38 42 48,Nov-06
3373826,3 4 21 31 33 48,Jun-17
3374814,3 4 22 23 26 28,May-08
3377102,3 4 22 33 42 44,Jan-04
3380627,3 4 24 26 29 49,May-09
3388171,3 4 28 30 34 41,Dec-17
3395151,3 4 41 44 45 48,Nov-03
3396323,3 5 6 8 14 48,Nov-96
3397577,3 5 6 9 33 47,Nov-16
3398732,3 5 6 11 20 44,Mar-87
3399195,3 5 6 12 14 30,Nov-98
3403719,3 5 6 20 29 33,May-97
3406954,3 5 6 33 38 39,Feb-83
3409743,3 5 7 10 30 43,May-01
3416997,3 5 7 25 40 47,Nov-03
3422859,3 5 8 14 24 34,Aug-12
3422925,3 5 8 14 27 31,May-00
3429441,3 5 8 37 38 46,Jul-96
3435337,3 5 9 19 29 37,Sep-20
3436605,3 5 9 22 37 46,May-17
3438739,3 5 9 31 40 41,Jul-01
3440207,3 5 10 11 35 45,Dec-10
3440329,3 5 10 12 13 40,Jun-91
3445279,3 5 10 21 30 37,Jan-06
3448427,3 5 10 36 42 45,Dec-89
3448663,3 5 10 41 43 45,Feb-00
3451336,3 5 11 16 21 45,Mar-16
3452915,3 5 11 19 29 40,Jan-96
3454439,3 5 11 23 33 34,Jul-11
3456662,3 5 11 34 38 47,Sep-03
3464746,3 5 12 38 41 44,Oct-95
3465377,3 5 13 14 31 40,Nov-90
3466617,3 5 13 16 44 48,Nov-13
3468179,3 5 13 20 27 29,Sep-99
3471414,3 5 13 33 34 44,Feb-13
3473860,3 5 14 18 26 28,Dec-16
3476745,3 5 14 26 34 41,Dec-90
3477560,3 5 14 30 35 40,Jun-88
3478643,3 5 15 16 17 31,Jul-89
3486180,3 5 16 20 27 45,Oct-13
3488258,3 5 16 26 40 45,Jul-09
3490440,3 5 17 18 35 46,Sep-16
3499823,3 5 19 20 34 47,Jun-06
3501671,3 5 19 26 32 43,Dec-83
3509816,3 5 21 32 43 46,Sep-95
3513632,3 5 23 24 34 47,Feb-91
3516741,3 5 24 27 38 46,Dec-11
3520518,3 5 26 27 37 39,Dec-12
3521865,3 5 26 37 39 45,Nov-14
3529076,3 5 33 40 45 46,Jan-01
3535687,3 6 7 14 27 43,Dec-86
3541791,3 6 7 33 34 36,Jul-83
3552118,3 6 8 30 40 43,Mar-98
3553211,3 6 9 10 13 20,Dec-01
3557382,3 6 9 16 30 49,Jan-98
3561246,3 6 9 27 28 36,Aug-08
3562884,3 6 9 39 46 47,Mar-93
3566141,3 6 10 15 42 47,Mar-96
3574182,3 6 11 15 20 37,Feb-15
3581512,3 6 12 14 25 28,Mar-14
3582350,3 6 12 15 43 44,Feb-07
3583974,3 6 12 19 24 29,Apr-07
3586039,3 6 12 24 43 49,Aug-18
3590837,3 6 13 18 31 40,Oct-85
3594265,3 6 13 29 36 38,Nov-12
3606442,3 6 15 27 40 44,May-08
3619523,3 6 18 21 33 34,Mar-85
3622063,3 6 18 31 38 49,Jan-86
3624343,3 6 19 23 39 43,Apr-08
3627373,3 6 20 22 23 24,Mar-19
3628268,3 6 20 24 36 47,Dec-00
3632868,3 6 21 30 36 40,Sep-00
3635936,3 6 22 31 35 43,May-93
3641976,3 6 25 26 42 44,May-01
3644849,3 6 26 32 43 49,Jul-10
3653731,3 6 37 38 45 47,Aug-03
3661540,3 7 8 21 27 37,Sep-94
3673450,3 7 9 28 31 43,Mar-08
3675689,3 7 10 12 14 25,Jan-19
3683364,3 7 10 32 41 43,Apr-18
3691367,3 7 11 29 45 48,Nov-92
3694639,3 7 12 16 30 31,Sep-93
3698038,3 7 12 25 28 37,Aug-10
3702327,3 7 13 17 32 48,May-95
3706397,3 7 13 30 38 46,Aug-08
3715725,3 7 15 19 31 34,May-88
3717590,3 7 15 24 38 41,Feb-85
3719502,3 7 15 35 36 40,Dec-11
3719771,3 7 15 38 43 47,Jul-06
3720724,3 7 16 18 29 49,Apr-06
3723581,3 7 16 26 38 47,May-03
3726954,3 7 17 21 32 46,Aug-95
3731555,3 7 18 21 41 44,Sep-88
3736057,3 7 19 23 26 35,Jan-89
3743363,3 7 21 24 29 48,Sep-87
3746991,3 7 22 26 43 47,Mar-18
3749896,3 7 23 28 31 49,Nov-88
3756382,3 7 26 30 33 46,Mar-07
3758778,3 7 27 37 43 48,Jan-19
3772190,3 8 9 20 22 35,Jan-06
3775604,3 8 9 33 39 49,Dec-99
3781119,3 8 10 19 31 33,Sep-14
3782474,3 8 10 23 26 28,Jul-05
3782593,3 8 10 23 31 47,Jun-97
3785635,3 8 11 12 21 48,Aug-94
3789075,3 8 11 18 28 45,Feb-18
3797468,3 8 12 19 42 44,Jul-92
3797637,3 8 12 20 26 39,Jun-93
3798777,3 8 12 23 30 43,Jan-88
3799586,3 8 12 26 29 42,Jul-94
3801230,3 8 12 36 40 47,Apr-02
3805282,3 8 13 21 32 49,Mar-96
3807657,3 8 13 30 37 47,May-97
3813746,3 8 14 28 31 39,Nov-06
3815358,3 8 15 16 20 46,Sep-11
3816057,3 8 15 17 29 33,Nov-13
3817312,3 8 15 20 26 45,Apr-11
3820539,3 8 15 32 46 48,Jun-01
3822701,3 8 16 20 24 25,Sep-07
3823518,3 8 16 22 27 44,Jun-88
3823969,3 8 16 23 34 44,Mar-14
3827730,3 8 17 20 26 47,Jan-04
3829102,3 8 17 24 27 43,Mar-00
3835669,3 8 18 34 44 49,Jul-10
3840868,3 8 20 22 38 49,Jun-05
3842008,3 8 20 26 37 46,Sep-06
3844404,3 8 21 23 33 49,Oct-98
3844646,3 8 21 24 30 42,Jul-85
3850433,3 8 23 25 29 47,Aug-12
3855344,3 8 25 27 36 38,Nov-15
3860855,3 8 28 32 36 48,Aug-87
3861922,3 8 29 31 43 48,Mar-88
3862650,3 8 29 40 43 44,Apr-02
3864493,3 8 31 42 44 48,Apr-11
3867470,3 8 40 46 47 48,Jul-87
3867504,3 8 41 43 46 47,Jul-15
3869186,3 9 10 13 20 43,Jul-82
3869667,3 9 10 14 17 19,Sep-06
3872692,3 9 10 20 21 35,Feb-19
3875294,3 9 10 28 34 40,Nov-14
3877799,3 9 11 13 27 45,Sep-10
3880933,3 9 11 19 30 39,Mar-08
3881594,3 9 11 21 24 45,Aug-18
3883652,3 9 11 28 29 47,Jan-01
3884945,3 9 11 37 45 46,Jan-86
3893850,3 9 13 15 27 30,Aug-85
3907324,3 9 15 17 23 45,Sep-18
3913871,3 9 16 19 32 47,Mar-95
3920678,3 9 17 24 39 43,Jun-91
3926814,3 9 18 32 41 47,Aug-92
3944446,3 9 24 26 33 47,Jul-91
3946116,3 9 24 37 46 49,Jun-03
3947588,3 9 25 32 35 45,Apr-14
3953318,3 9 29 31 44 49,May-96
3956406,3 9 32 38 40 47,May-87
3971266,3 10 12 20 26 27,Aug-10
3979299,3 10 13 22 34 43,Apr-10
3982918,3 10 14 16 17 39,Oct-90
3988530,3 10 14 36 38 40,Apr-10
3992256,3 10 15 23 45 47,Sep-19
3995074,3 10 16 17 25 39,Jul-08
3999986,3 10 16 36 39 46,Jul-02
4000324,3 10 17 18 19 23,Oct-13
4002046,3 10 17 22 24 40,Jun-01
4012143,3 10 19 27 32 33,Jun-97
4012855,3 10 19 30 44 48,Apr-17
4016510,3 10 20 30 44 49,Dec-88
4018040,3 10 21 23 33 44,Aug-06
4018933,3 10 21 26 38 43,Jul-08
4020345,3 10 21 35 38 48,May-20
4026188,3 10 23 40 43 46,Oct-00
4038827,3 10 32 43 44 46,Jan-08
4042431,3 11 12 14 41 43,Jun-82
4043852,3 11 12 17 29 41,Mar-02
4044552,3 11 12 19 21 29,Apr-14
4046839,3 11 12 25 32 38,Feb-03
4049750,3 11 13 15 20 39,Oct-92
4054782,3 11 13 28 40 47,Mar-02
4059011,3 11 14 20 41 47,Jun-10
4065062,3 11 15 21 23 33,Jan-14
4070078,3 11 16 20 21 24,Sep-85
4071212,3 11 16 23 24 26,Jan-93
4071534,3 11 16 23 47 49,Jan-87
4071757,3 11 16 24 36 49,Feb-00
4074033,3 11 16 40 43 46,Jun-17
4083061,3 11 18 34 37 41,Oct-03
4096332,3 11 22 29 41 44,Mar-08
4102120,3 11 24 37 38 39,Oct-98
4106790,3 11 27 31 33 35,Dec-03
4112209,3 11 32 34 44 48,Dec-07
4123083,3 12 14 16 29 38,Nov-10
4127431,3 12 14 29 31 33,Oct-88
4127642,3 12 14 30 33 40,Apr-01
4129835,3 12 15 18 21 33,Jul-87
4134850,3 12 16 17 22 30,Mar-17
4136298,3 12 16 20 28 31,Feb-14
4136784,3 12 16 21 33 49,Nov-83
4146544,3 12 18 22 31 36,May-87
4148139,3 12 18 28 31 36,Mar-99
4153330,3 12 19 35 47 49,Jan-88
4158255,3 12 21 24 37 45,May-97
4163148,3 12 22 35 40 47,Jan-00
4165091,3 12 23 30 36 37,Aug-04
4170597,3 12 26 27 34 46,May-19
4171716,3 12 26 34 37 41,Mar-00
4177474,3 12 31 33 45 49,Apr-84
4180045,3 12 35 42 43 45,Oct-92
4182272,3 13 14 17 20 42,Nov-07
4182951,3 13 14 18 29 40,Aug-00
4192269,3 13 15 28 41 47,Mar-10
4194152,3 13 16 18 19 46,May-93
4201595,3 13 17 24 32 35,Jul-86
4202140,3 13 17 26 33 35,Nov-01
4205588,3 13 18 22 42 43,Sep-86
4210704,3 13 19 26 33 44,Feb-18
4215814,3 13 20 35 37 39,Jan-18
4217031,3 13 21 24 29 40,Aug-20
4219531,3 13 22 23 24 25,Jun-00
4228710,3 13 25 33 34 45,Jun-20
4233163,3 13 28 31 40 44,Mar-90
4247374,3 14 16 19 44 48,Jul-18
4248811,3 14 16 23 41 43,Jan-20
4250883,3 14 16 33 47 48,Aug-16
4258794,3 14 18 25 36 45,Dec-84
4263094,3 14 19 26 35 45,Apr-97
4265734,3 14 20 23 25 45,Jan-04
4267243,3 14 20 28 40 44,Oct-15
4270385,3 14 21 28 30 45,Aug-89
4276385,3 14 23 30 38 43,Aug-20
4278805,3 14 24 31 35 46,Oct-84
4280472,3 14 25 29 33 42,Jun-05
4281874,3 14 26 27 35 44,Feb-04
4287062,3 14 29 34 46 49,Jul-86
4291448,3 14 36 38 40 48,Feb-18
4293790,3 15 16 20 22 23,Oct-18
4293899,3 15 16 20 26 34,Dec-86
4297981,3 15 17 18 24 44,Dec-98
4298890,3 15 17 20 27 43,Jul-13
4300776,3 15 17 26 27 46,Feb-04
4302404,3 15 17 35 44 46,Jan-15
4303079,3 15 18 19 32 48,Jan-05
4317190,3 15 21 30 34 47,Apr-96
4320358,3 15 22 31 43 47,Feb-11
4323184,3 15 23 33 39 47,Jun-11
4324026,3 15 24 25 40 44,Nov-07
4325782,3 15 24 36 42 47,Jun-01
4335105,3 15 31 33 43 48,Jun-07
4338542,3 15 40 41 43 47,Jun-87
4342762,3 16 17 31 33 46,Feb-11
4344643,3 16 18 21 25 48,Feb-92
4344708,3 16 18 21 28 47,Feb-14
4345738,3 16 18 24 31 44,Oct-90
4348982,3 16 19 22 23 25,Mar-05
4352909,3 16 20 22 37 39,Jan-93
4354251,3 16 20 27 34 35,May-07
4359121,3 16 21 41 45 46,Jun-86
4360344,3 16 22 27 28 32,Aug-07
4361970,3 16 22 39 42 49,May-08
4366898,3 16 24 40 41 48,May-15
4370694,3 16 26 40 41 49,Apr-14
4377158,3 16 32 39 46 49,Apr-00
4378003,3 16 34 36 45 48,Oct-86
4380534,3 17 18 21 23 28,Nov-97
4381686,3 17 18 24 31 32,Oct-07
4382721,3 17 18 28 34 49,Apr-89
4384706,3 17 19 21 27 46,Apr-95
4387003,3 17 19 29 37 42,Dec-97
4388645,3 17 20 22 24 49,Oct-86
4390751,3 17 20 30 32 35,Apr-03
4390809,3 17 20 30 35 48,Apr-83
4394005,3 17 21 29 47 49,Nov-18
4396008,3 17 22 25 40 46,Apr-04
4406158,3 17 26 33 39 46,Feb-08
4408665,3 17 28 30 47 48,Apr-98
4414889,3 17 36 44 45 48,May-06
4439016,3 18 27 32 37 40,Dec-04
4439889,3 18 28 29 37 43,Apr-16
4448038,3 19 20 23 35 38,Apr-07
4448805,3 19 20 26 31 38,Jan-19
4453943,3 19 21 41 43 47,Feb-12
4468718,3 19 29 31 34 42,Jun-92
4469087,3 19 29 34 35 36,Sep-02
4469132,3 19 29 34 38 45,Jan-01
4471258,3 19 31 38 45 47,Mar-20
4477112,3 20 21 33 35 45,Aug-98
4479709,3 20 22 30 44 45,Mar-97
4483753,3 20 24 26 37 47,Jul-13
4489727,3 20 27 29 38 44,Jul-12
4503693,3 21 23 41 43 46,Dec-92
4506158,3 21 25 26 31 40,Oct-05
4511162,3 21 27 37 43 44,Mar-07
4513614,3 21 29 37 40 47,Jun-86
4515558,3 21 31 40 43 49,Jul-04
4520379,3 22 23 31 33 47,May-90
4524875,3 22 25 32 36 41,Aug-05
4525028,3 22 25 33 39 41,Nov-98
4525301,3 22 25 36 39 40,Jan-08
4528951,3 22 27 46 48 49,Jan-90
4532397,3 22 31 32 33 39,Oct-93
4533796,3 22 32 40 45 48,Nov-11
4546138,3 23 29 37 44 45,Jul-09
4552644,3 24 25 33 40 48,Aug-14
4553026,3 24 25 38 39 44,Oct-87
4553938,3 24 26 30 34 49,Oct-17
4555272,3 24 27 29 32 45,Feb-03
4555959,3 24 27 33 41 44,Sep-84
4557782,3 24 28 40 43 48,Jun-14
4567275,3 25 28 29 35 47,Dec-88
4569414,3 25 29 37 44 45,May-93
4583128,3 26 39 44 48 49,Jul-86
4587048,3 27 31 34 35 40,Jan-02
4588656,3 27 33 38 42 48,Oct-16
4591053,3 28 29 32 37 45,Oct-03
4595696,3 28 36 37 43 47,Jun-96
4599338,3 29 33 36 39 45,Sep-12
4601636,3 30 31 33 34 41,Jun-95
4606892,3 31 34 38 45 48,Jun-20
4616022,3 37 40 41 47 49,Dec-16
4618626,4 5 6 8 39 42,Jun-16
4619860,4 5 6 10 23 35,Aug-05
4621838,4 5 6 13 22 40,May-92
4621880,4 5 6 13 24 31,May-88
4626204,4 5 6 22 29 30,Oct-15
4629620,4 5 7 8 16 39,Feb-97
4636196,4 5 7 18 33 42,Sep-90
4638732,4 5 7 25 38 42,Apr-86
4642193,4 5 8 10 32 39,Feb-93
4645050,4 5 8 15 19 40,Jun-09
4653455,4 5 9 12 33 36,Jan-11
4656219,4 5 9 17 30 41,Jan-99
4656921,4 5 9 19 22 23,Jul-16
4657090,4 5 9 19 29 31,Feb-86
4666516,4 5 10 20 23 47,Jul-97
4666916,4 5 10 21 24 44,Oct-96
4667387,4 5 10 22 30 35,Jul-85
4669972,4 5 10 34 37 45,May-12
4674757,4 5 11 19 34 38,Sep-86
4679068,4 5 12 13 18 19,Oct-20
4684344,4 5 12 24 38 45,Dec-06
4699268,4 5 14 30 32 34,Nov-97
4701593,4 5 15 18 25 41,Mar-91
4703713,4 5 15 23 38 45,Apr-19
4706172,4 5 15 38 41 42,May-19
4712177,4 5 17 18 34 38,Feb-05
4715730,4 5 17 30 36 38,Nov-10
4723849,4 5 19 28 31 38,Jun-09
4727702,4 5 20 29 31 47,Dec-85
4729884,4 5 21 24 36 38,Sep-93
4731690,4 5 21 33 42 47,Apr-09
4737986,4 5 24 25 36 39,Nov-88
4741852,4 5 25 37 39 44,Jul-97
4742567,4 5 26 29 30 34,Mar-00
4743273,4 5 26 33 38 44,Feb-04
4745249,4 5 27 38 43 45,Sep-91
4750088,4 5 32 37 38 44,Jan-16
4750977,4 5 34 35 40 43,Aug-86
4755117,4 6 7 11 12 40,Jan-14
4758632,4 6 7 16 32 45,Jan-08
4759102,4 6 7 17 31 36,Nov-04
4759728,4 6 7 18 46 47,Mar-03
4767002,4 6 8 12 34 38,Apr-06
4777624,4 6 9 13 46 48,Jul-03
4783508,4 6 9 29 33 49,Aug-09
4783679,4 6 9 30 33 49,Sep-09
4785051,4 6 10 11 20 35,Oct-17
4786151,4 6 10 13 14 28,Jun-18
4788827,4 6 10 17 33 49,Nov-05
4800143,4 6 11 25 30 44,Jan-03
4802334,4 6 11 45 46 47,Sep-10
4805589,4 6 12 18 41 48,Jul-03
4808360,4 6 12 27 28 46,Sep-00
4815720,4 6 13 28 29 36,Mar-16
4820909,4 6 14 23 25 36,Feb-10
4826510,4 6 15 22 23 27,Apr-04
4826617,4 6 15 22 27 40,Jun-04
4828983,4 6 15 32 34 35,Nov-88
4829022,4 6 15 32 36 47,Sep-18
4829158,4 6 15 33 38 40,Feb-07
4829588,4 6 15 38 41 48,Mar-92
4835059,4 6 16 38 44 45,Mar-02
4838774,4 6 17 28 35 46,Sep-14
4839277,4 6 17 31 34 49,Apr-93
4844107,4 6 18 33 42 44,Feb-91
4845499,4 6 19 22 23 45,Dec-06
4850467,4 6 20 26 31 33,Nov-91
4852731,4 6 21 22 42 43,Mar-11
4856146,4 6 22 24 31 40,Jan-11
4856899,4 6 22 27 31 33,Oct-85
4862824,4 6 24 32 46 48,Apr-09
4870502,4 6 29 32 33 38,Sep-98
4877677,4 7 8 10 47 48,Dec-08
4879021,4 7 8 12 42 43,Feb-88
4893139,4 7 9 21 25 42,Nov-16
4897798,4 7 10 12 26 33,Mar-08
4898649,4 7 10 13 39 46,Mar-96
4899043,4 7 10 14 27 31,Dec-17
4902620,4 7 10 22 25 33,May-10
4903711,4 7 10 25 35 38,Jul-99
4904231,4 7 10 27 37 49,Jan-12
4909773,4 7 11 18 46 47,Apr-93
4913865,4 7 11 35 40 41,Jun-87
4916211,4 7 12 16 22 24,Apr-15
4916766,4 7 12 17 24 32,Jul-99
4918353,4 7 12 20 40 49,May-14
4922947,4 7 13 15 27 28,Nov-15
4925279,4 7 13 20 27 30,Aug-95
4927089,4 7 13 25 37 45,Aug-02
4928277,4 7 13 31 36 37,Aug-99
4928585,4 7 13 33 40 47,Sep-05
4929115,4 7 13 41 44 47,Jun-07
4936240,4 7 15 16 43 48,Apr-17
4941183,4 7 15 34 37 41,Feb-96
4943890,4 7 16 21 47 48,Jan-92
4944327,4 7 16 23 27 39,Aug-06
4946828,4 7 16 36 39 40,Feb-02
4953316,4 7 18 21 41 46,Mar-11
4963650,4 7 20 32 45 48,Oct-93
4967273,4 7 21 36 39 40,Dec-95
4972189,4 7 23 31 33 36,Jul-11
4973680,4 7 24 27 28 41,Aug-05
4975298,4 7 24 39 43 44,May-04
4976470,4 7 25 30 42 47,Sep-99
4981751,4 7 28 36 37 49,May-18
4987251,4 7 36 39 47 48,Nov-96
4995651,4 8 9 24 43 47,Nov-87
4996086,4 8 9 26 34 43,May-02
4997809,4 8 9 39 40 46,May-90
4997904,4 8 9 41 45 47,Aug-91
4999771,4 8 10 13 29 43,Oct-91
5001292,4 8 10 16 22 41,Sep-87
5006008,4 8 10 30 33 39,Feb-16
5007662,4 8 11 12 34 43,Sep-09
5012035,4 8 11 21 27 48,Nov-02
5013935,4 8 11 27 37 47,Feb-07
5026973,4 8 13 21 29 35,Jul-03
5033551,4 8 14 21 30 49,Apr-85
5035031,4 8 14 26 29 43,Nov-01
5041981,4 8 15 30 41 45,Oct-98
5046281,4 8 16 25 33 36,Jun-13
5050691,4 8 17 23 34 47,Oct-12
5057154,4 8 18 32 38 45,Jun-00
5072463,4 8 23 26 30 46,Nov-96
5074005,4 8 23 35 40 46,Feb-97
5077502,4 8 25 29 36 37,Jul-04
5084256,4 8 29 37 40 48,Dec-08
5084569,4 8 30 31 35 43,Sep-16
5085322,4 8 30 39 40 45,Jun-91
5085458,4 8 30 43 46 48,Nov-13
5088578,4 8 36 41 45 46,Apr-95
5089832,4 9 10 11 28 30,Sep-87
5090043,4 9 10 11 43 46,Dec-82
5092448,4 9 10 15 38 39,Apr-17
5094171,4 9 10 19 26 36,Jan-01
5100651,4 9 11 15 25 27,Oct-18
5100976,4 9 11 16 17 44,Dec-99
5112952,4 9 12 27 28 48,Sep-93
5118599,4 9 13 22 24 30,Jan-96
5122390,4 9 14 15 44 45,Sep-85
5125003,4 9 14 21 34 45,Jun-11
5126756,4 9 14 27 35 48,Oct-04
5130646,4 9 15 20 37 43,May-98
5130692,4 9 15 20 42 44,May-18
5132619,4 9 15 27 28 46,Jan-11
5139074,4 9 16 32 37 41,Mar-07
5140863,4 9 17 20 26 31,Oct-20
5143170,4 9 17 27 36 49,May-15
5143841,4 9 17 31 33 38,Aug-93
5146246,4 9 18 22 34 42,Oct-94
5158502,4 9 21 26 48 49,Nov-96
5161633,4 9 22 27 42 45,Mar-90
5163589,4 9 23 25 30 35,May-89
5168040,4 9 24 41 47 48,Oct-13
5168320,4 9 25 26 41 46,Oct-08
5168413,4 9 25 27 31 33,Dec-05
5176050,4 9 30 31 45 49,Apr-94
5178641,4 9 33 36 47 49,Jul-17
5184349,4 10 11 18 23 34,Mar-05
5188725,4 10 11 34 46 48,Jan-19
5206180,4 10 14 19 21 28,Feb-04
5206206,4 10 14 19 22 27,Mar-00
5206493,4 10 14 19 36 41,Aug-14
5211867,4 10 15 18 26 41,Mar-15
5218670,4 10 16 21 33 36,Feb-98
5219102,4 10 16 22 39 42,Aug-05
5223075,4 10 17 20 24 39,Sep-90
5224470,4 10 17 24 26 33,Jun-19
5227399,4 10 18 19 37 40,Mar-88
5233144,4 10 19 24 32 35,Jun-12
5233262,4 10 19 24 41 45,Apr-91
5234717,4 10 19 31 38 43,Oct-15
5234861,4 10 19 32 39 41,Jun-87
5236413,4 10 20 23 27 45,Sep-14
5242397,4 10 21 39 45 48,May-10
5245973,4 10 23 25 39 42,Aug-99
5247853,4 10 23 38 41 46,Apr-83
5251732,4 10 25 33 36 46,May-94
5255700,4 10 28 29 30 46,Jun-04
5257546,4 10 29 33 39 46,Sep-09
5262578,4 10 38 40 45 48,Jan-19
5263936,4 11 12 14 25 37,Jun-13
5263974,4 11 12 14 27 30,Dec-95
5265229,4 11 12 16 36 43,Sep-84
5268718,4 11 12 25 42 43,Apr-10
5272421,4 11 13 16 41 45,Mar-09
5280528,4 11 14 20 26 30,Jun-83
5282246,4 11 14 25 30 36,Oct-14
5286691,4 11 15 20 35 47,Sep-17
5293902,4 11 16 26 28 38,Jul-94
5296924,4 11 17 20 25 49,Dec-89
5299336,4 11 17 28 30 32,Apr-94
5301500,4 11 18 20 29 44,Dec-06
5303596,4 11 18 27 28 46,Feb-11
5305799,4 11 19 21 23 40,Aug-99
5306494,4 11 19 23 24 34,Oct-18
5310431,4 11 20 23 41 45,Feb-16
5314029,4 11 21 24 44 49,Apr-17
5314303,4 11 21 25 44 47,May-16
5314736,4 11 21 27 38 41,Sep-05
5319284,4 11 23 24 25 45,Nov-82
5325499,4 11 25 32 45 46,Aug-86
5328605,4 11 27 31 36 49,Feb-89
5337157,4 12 13 14 27 28,Mar-92
5344111,4 12 14 15 21 23,Feb-10
5346860,4 12 14 21 22 37,Feb-12
5349805,4 12 14 32 44 45,Aug-89
5351536,4 12 15 18 19 32,Dec-98
5358869,4 12 16 22 32 40,Feb-93
5359726,4 12 16 25 30 31,Oct-18
5361112,4 12 16 31 44 48,Feb-84
5362294,4 12 17 18 34 44,Aug-12
5371917,4 12 19 21 26 41,Feb-13
5380595,4 12 21 26 43 46,Oct-01
5382275,4 12 21 40 42 45,Jan-86
5385074,4 12 22 37 43 49,Feb-05
5388119,4 12 24 25 37 49,Nov-07
5388122,4 12 24 25 38 41,Apr-05
5396010,4 12 28 31 39 46,Aug-13
5396049,4 12 28 31 45 46,Sep-95
5402126,4 12 36 44 45 47,Jul-97
5402713,4 12 40 43 48 49,Apr-03
5411154,4 13 15 19 30 46,Jun-95
5420061,4 13 16 32 35 37,Dec-04
5420064,4 13 16 32 35 40,May-89
5423701,4 13 17 25 36 48,Jan-09
5424169,4 13 17 27 35 45,Nov-08
5424462,4 13 17 28 44 47,Jan-97
5426212,4 13 18 19 42 43,Dec-05
5426665,4 13 18 21 22 42,Feb-10
5426752,4 13 18 21 26 31,Mar-19
5427390,4 13 18 23 24 40,Nov-85
5431638,4 13 19 23 33 48,May-07
5433639,4 13 19 32 40 45,Oct-08
5438509,4 13 21 23 30 40,Nov-96
5438612,4 13 21 23 37 38,Jul-96
5441990,4 13 22 25 29 39,Feb-19
5444446,4 13 23 24 37 47,Nov-10
5448775,4 13 24 36 39 41,Jan-16
5450550,4 13 25 33 41 49,Dec-18
5452514,4 13 26 35 41 46,Aug-92
5457637,4 13 30 37 41 46,Jan-94
5459628,4 13 33 36 41 47,Jul-03
5463352,4 14 15 19 23 38,Aug-96
5471172,4 14 16 25 45 47,Mar-13
5472104,4 14 16 30 33 38,Nov-83
5474116,4 14 17 20 21 33,Jan-94
5474454,4 14 17 20 38 48,Jan-07
5475300,4 14 17 23 26 38,Aug-05
5482216,4 14 18 35 36 48,Apr-97
5482323,4 14 18 36 39 44,Jan-00
5482555,4 14 18 40 43 44,Oct-82
5484442,4 14 19 25 26 49,Oct-05
5486894,4 14 20 21 29 36,Jul-93
5489414,4 14 20 31 32 42,Feb-08
5492423,4 14 21 29 36 41,Jul-07
5492481,4 14 21 29 41 49,Mar-19
5499592,4 14 24 26 34 43,Jun-10
5499754,4 14 24 27 30 40,Aug-02
5500524,4 14 24 31 33 35,Jun-83
5506548,4 14 27 37 40 44,Apr-85
5507334,4 14 28 32 33 44,Jan-89
5513875,4 14 39 42 46 48,Sep-02
5529362,4 15 19 20 36 48,Dec-88
5533918,4 15 20 23 27 49,Dec-15
5535177,4 15 20 27 41 45,Mar-97
5538700,4 15 21 29 30 35,Feb-02
5539181,4 15 21 31 41 49,Nov-01
5541202,4 15 22 27 29 31,Feb-13
5544490,4 15 23 30 35 49,May-98
5548936,4 15 25 31 33 47,Dec-86
5551393,4 15 26 37 41 45,Jul-03
5553628,4 15 28 31 37 44,Dec-13
5556400,4 15 30 37 46 48,Aug-82
5558832,4 15 34 36 43 47,Dec-08
5560609,4 16 17 18 22 44,Sep-88
5567844,4 16 18 25 36 40,Jan-14
5568443,4 16 18 28 30 38,Aug-04
5568461,4 16 18 28 31 38,Feb-91
5571003,4 16 19 22 36 40,May-16
5571302,4 16 19 23 34 41,Apr-89
5572147,4 16 19 26 35 43,Mar-00
5574854,4 16 20 23 28 44,Jun-08
5592681,4 16 27 28 35 46,Nov-90
5593212,4 16 27 31 37 38,Aug-03
5603415,4 17 18 24 29 39,May-16
5606747,4 17 19 22 24 46,Oct-09
5607805,4 17 19 25 32 39,Nov-85
5608973,4 17 19 30 41 44,Aug-87
5612726,4 17 20 31 36 40,Jul-10
5618327,4 17 22 28 30 47,Dec-88
5618772,4 17 22 30 36 38,Aug-16
5621607,4 17 23 31 45 48,Jun-11
5624938,4 17 25 26 39 49,Mar-12
5629396,4 17 27 33 34 45,Dec-00
5632321,4 17 29 38 39 45,Jul-87
5635864,4 17 34 39 41 46,Jun-06
5644232,4 18 20 31 39 48,Dec-03
5651820,4 18 23 25 39 43,Feb-13
5653108,4 18 23 32 34 47,Dec-13
5654303,4 18 24 26 33 48,May-18
5668524,4 18 39 40 42 43,May-93
5672104,4 19 20 35 41 46,Jan-02
5676248,4 19 22 24 32 33,Sep-12
5682687,4 19 24 31 35 43,Dec-05
5686702,4 19 26 32 44 46,Jul-87
5687456,4 19 27 28 32 36,Aug-99
5697963,4 20 21 27 42 47,Mar-01
5699825,4 20 22 23 42 44,Oct-12
5703141,4 20 23 26 32 46,May-96
5707336,4 20 24 44 46 47,Feb-00
5707947,4 20 25 28 35 42,May-98
5710917,4 20 26 37 45 46,Dec-15
5713440,4 20 28 33 43 48,May-03
5713540,4 20 28 34 42 49,Jul-00
5714105,4 20 29 30 36 45,Nov-19
5716559,4 20 31 35 43 46,Sep-94
5718181,4 20 33 47 48 49,Nov-88
5723978,4 21 23 27 45 47,Jun-85
5724257,4 21 23 29 33 40,Sep-93
5724691,4 21 23 31 43 45,Nov-98
5724848,4 21 23 33 34 36,Jan-87
5727039,4 21 24 32 34 47,Oct-89
5733868,4 21 28 33 38 41,Oct-16
5736531,4 21 30 41 44 46,Jul-19
5737912,4 21 32 38 43 45,Aug-85
5741543,4 22 23 28 29 36,Sep-87
5742884,4 22 23 38 42 43,Jan-99
5743075,4 22 23 46 48 49,Dec-09
5744669,4 22 24 32 42 43,Sep-01
5745811,4 22 25 27 39 45,Sep-01
5747386,4 22 25 44 46 48,Mar-96
5747985,4 22 26 29 39 48,May-09
5754025,4 22 30 39 46 47,Jun-04
5759824,4 23 24 34 39 47,Nov-86
5759842,4 23 24 34 41 48,Oct-93
5762003,4 23 25 36 38 43,Aug-91
5762062,4 23 25 36 47 48,May-16
5763670,4 23 26 35 36 40,Dec-04
5770621,4 23 33 34 36 47,Apr-99
5776517,4 24 26 37 41 43,Jan-05
5777891,4 24 27 35 38 48,Apr-15
5787511,4 25 27 28 35 44,May-20
5794028,4 25 33 35 40 45,Oct-95
5799753,4 26 29 34 39 40,Dec-85
5800415,4 26 30 31 48 49,Jul-04
5803546,4 26 34 38 41 46,Dec-12
5809837,4 27 32 38 40 45,Mar-97
5810406,4 27 33 38 41 46,Jun-14
5817938,4 28 38 39 43 45,Apr-87
5822148,4 29 35 40 43 45,Apr-06
5826874,4 30 39 42 45 46,Nov-05
5827377,4 31 32 35 37 48,Jul-97
5831597,4 32 36 37 40 49,Nov-00
5841289,5 6 7 11 17 34,Apr-09
5842365,5 6 7 12 35 39,Nov-92
5843160,5 6 7 14 16 46,Jul-92
5849892,5 6 7 36 38 46,Jun-05
5850304,5 6 8 9 11 40,Feb-12
5870639,5 6 9 39 43 47,May-93
5876219,5 6 10 20 40 43,Aug-84
5877802,5 6 10 25 36 38,Mar-08
5879890,5 6 10 43 46 47,Feb-19
5882438,5 6 11 16 19 27,Apr-19
5882586,5 6 11 16 24 40,Jan-11
5883189,5 6 11 17 29 37,Jun-01
5884419,5 6 11 20 25 47,Nov-00
5888872,5 6 12 13 34 45,Nov-93
5897555,5 6 13 16 27 30,Aug-03
5900143,5 6 13 22 29 46,Oct-02
5900651,5 6 13 23 44 49,Feb-20
5902709,5 6 13 34 35 43,Nov-03
5905126,5 6 14 18 30 35,Sep-09
5908544,5 6 14 29 33 47,Oct-02
5908772,5 6 14 30 38 39,Jun-09
5909112,5 6 14 32 44 45,Jun-95
5913398,5 6 15 24 35 48,Feb-11
5914909,5 6 15 31 38 39,Aug-09
5922774,5 6 17 21 31 46,Feb-07
5926075,5 6 17 39 44 48,Jan-12
5927342,5 6 18 21 36 44,Jun-17
5927889,5 6 18 23 28 47,Dec-97
5938597,5 6 21 22 31 33,Jan-90
5939791,5 6 21 26 33 40,Jun-00
5939898,5 6 21 26 42 48,Feb-97
5941269,5 6 21 35 38 46,Oct-00
5941501,5 6 21 38 42 45,Mar-10
5941718,5 6 22 23 25 27,Aug-09
5948275,5 6 24 29 35 39,Aug-13
5957601,5 6 30 32 45 46,May-12
5958536,5 6 31 33 44 49,Jun-98
5959679,5 6 32 40 42 47,May-19
5960280,5 6 33 41 44 49,Dec-91
5964710,5 7 8 12 23 28,Mar-01
5972937,5 7 9 10 13 49,Nov-94
5980471,5 7 9 25 28 48,Apr-03
5981683,5 7 9 30 39 40,Jan-07
5982117,5 7 9 33 41 48,Jun-00
5982317,5 7 9 35 42 45,Sep-18
5984454,5 7 10 13 27 29,Aug-03
5985541,5 7 10 15 24 29,Jan-91
5988114,5 7 10 20 37 38,Apr-87
5990757,5 7 10 30 34 35,Dec-03
5992381,5 7 11 12 33 39,Apr-11
5999371,5 7 11 31 35 46,Feb-94
6002836,5 7 12 17 26 47,Jun-90
6007783,5 7 12 37 39 46,Jan-01
6013643,5 7 13 27 45 47,May-07
6014555,5 7 13 33 37 39,Dec-10
6031570,5 7 16 27 37 49,Jun-11
6035191,5 7 17 22 43 44,Jul-20
6041593,5 7 18 30 37 46,Mar-03
6044317,5 7 19 24 37 41,Nov-89
6047979,5 7 20 24 37 49,Nov-14
6048240,5 7 20 25 36 46,Nov-14
6048408,5 7 20 26 31 36,May-90
6053107,5 7 21 34 38 45,Apr-96
6058509,5 7 23 33 37 38,Dec-08
6061439,5 7 24 45 46 49,Aug-15
6063763,5 7 26 28 32 37,Apr-89
6071512,5 7 32 38 40 46,Aug-17
6073821,5 7 39 41 45 46,Mar-12
6089326,5 8 10 20 33 34,May-17
6092435,5 8 10 32 48 49,Feb-05
6102488,5 8 12 14 25 37,Jul-03
6103290,5 8 12 15 39 47,Sep-07
6109401,5 8 13 14 17 30,Jun-13
6110969,5 8 13 16 40 49,Oct-11
6113436,5 8 13 22 35 40,Aug-10
6114313,5 8 13 25 33 45,Aug-17
6114813,5 8 13 27 34 46,Mar-20
6116199,5 8 13 37 40 43,Dec-02
6118496,5 8 14 18 43 49,Jul-12
6119595,5 8 14 21 33 34,Aug-86
6133655,5 8 16 32 34 43,Aug-88
6135367,5 8 17 20 21 42,Mar-86
6138667,5 8 17 32 38 45,Jul-17
6138706,5 8 17 32 43 44,Oct-91
6140947,5 8 18 22 41 48,Oct-20
6149678,5 8 20 26 31 36,Aug-10
6154035,5 8 21 31 40 45,Jun-15
6154973,5 8 22 23 27 37,Apr-15
6160267,5 8 23 39 41 48,Nov-15
6162034,5 8 24 32 47 48,Mar-95
6164686,5 8 25 42 43 45,Dec-89
6172425,5 8 32 33 47 49,Mar-94
6173769,5 8 34 37 44 47,Nov-06
6174834,5 8 37 42 47 48,Jan-94
6178135,5 9 10 15 21 41,Sep-98
6192628,5 9 11 36 42 43,Feb-17
6196759,5 9 12 20 25 27,Apr-00
6200143,5 9 12 33 45 47,Sep-85
6200676,5 9 12 42 48 49,Jul-99
6210837,5 9 14 21 25 42,Jan-98
6211911,5 9 14 24 30 35,Mar-17
6213511,5 9 14 31 37 46,Nov-06
6215216,5 9 15 17 29 35,Aug-89
6216871,5 9 15 21 27 47,Jun-88
6217077,5 9 15 21 42 43,May-01
6229909,5 9 17 31 37 44,Dec-03
6229922,5 9 17 31 38 46,Dec-15
6234104,5 9 18 29 39 47,Sep-17
6248540,5 9 22 33 34 48,Apr-92
6250046,5 9 23 27 28 39,Dec-90
6250285,5 9 23 28 29 48,Nov-00
6250437,5 9 23 28 40 46,Nov-85
6250719,5 9 23 30 34 36,Dec-09
6256427,5 9 26 28 32 41,Jan-03
6259279,5 9 27 39 40 43,Jul-83
6266237,5 9 37 43 46 48,May-14
6267270,5 10 11 12 32 33,Nov-14
6271610,5 10 11 21 24 43,Mar-11
6273829,5 10 11 28 41 44,Oct-84
6278187,5 10 12 18 25 45,Mar-12
6282753,5 10 12 38 40 41,Jul-00
6285689,5 10 13 19 22 47,Jul-01
6296266,5 10 14 35 43 47,Mar-94
6303905,5 10 16 19 33 47,Nov-09
6304236,5 10 16 20 29 42,Feb-91
6309605,5 10 17 21 31 36,Apr-86
6316265,5 10 18 29 32 48,Jun-20
6320364,5 10 19 29 35 42,Nov-90
6322558,5 10 20 23 35 42,Nov-18
6332440,5 10 23 27 37 38,Aug-82
6333730,5 10 23 36 40 44,Feb-01
6334642,5 10 24 27 30 45,Apr-00
6339265,5 10 26 31 37 44,Oct-84
6340457,5 10 27 29 35 45,May-91
6344685,5 10 30 35 36 45,Jan-83
6347196,5 10 34 35 36 45,Jun-02
6351000,5 11 12 16 24 28,Aug-84
6353504,5 11 12 22 23 26,Oct-09
6356147,5 11 12 33 37 45,Jul-19
6366151,5 11 14 19 27 29,Oct-97
6382994,5 11 17 20 28 45,Jul-18
6384733,5 11 17 25 34 49,Jul-95
6396219,5 11 20 23 27 28,May-05
6397097,5 11 20 26 29 36,Aug-15
6398030,5 11 20 30 37 43,Oct-05
6410775,5 11 25 28 35 49,Dec-04
6410991,5 11 25 29 38 39,Jan-94
6412543,5 11 26 28 35 46,Nov-10
6413063,5 11 26 31 36 39,Feb-09
6440639,5 12 15 26 36 46,Mar-93
6446104,5 12 16 26 37 43,Feb-05
6461026,5 12 19 35 37 43,Jul-00
6466887,5 12 21 28 30 45,Dec-03
6467707,5 12 21 32 46 47,Sep-91
6469338,5 12 22 26 29 31,Dec-95
6475014,5 12 24 29 38 41,May-95
6477691,5 12 25 34 35 45,Feb-01
6485202,5 12 31 33 39 49,Aug-96
6485374,5 12 31 35 37 46,May-03
6490842,5 13 14 18 37 40,Jul-87
6494218,5 13 14 29 39 40,Sep-06
6496114,5 13 15 17 24 27,Oct-05
6497435,5 13 15 20 24 42,May-03
6498463,5 13 15 22 45 47,Sep-14
6499898,5 13 15 28 31 34,Aug-01
6502970,5 13 16 20 28 31,May-04
6515512,5 13 18 32 34 39,Nov-86
6518519,5 13 19 26 37 38,Aug-89
6518795,5 13 19 27 41 45,Apr-89
6519509,5 13 19 31 40 43,Oct-96
6520122,5 13 19 37 42 45,Sep-20
6526259,5 13 21 30 37 46,Jan-03
6527401,5 13 22 23 28 38,Oct-93
6536610,5 13 25 34 36 46,Oct-09
6562038,5 14 17 25 34 44,Dec-03
6563453,5 14 17 32 40 46,Oct-99
6566346,5 14 18 24 42 49,Apr-88
6568066,5 14 18 33 40 44,Oct-19
6572687,5 14 19 42 46 47,Jul-20
6573414,5 14 20 22 40 43,Nov-99
6578734,5 14 21 31 34 47,Jul-82
6583552,5 14 23 27 36 37,Feb-88
6583745,5 14 23 28 34 47,Jan-98
6585858,5 14 24 27 36 43,Jun-86
6590405,5 14 26 31 38 48,Jul-99
6598560,5 14 34 38 40 43,Dec-09
6599884,5 14 39 42 46 49,Feb-15
6605980,5 15 17 18 37 42,Jun-16
6609836,5 15 17 32 41 45,May-97
6616547,5 15 19 24 26 46,Mar-04
6618264,5 15 19 31 42 47,Jun-13
6620507,5 15 20 25 28 33,Oct-12
6638772,5 15 27 35 38 47,Nov-10
6639567,5 15 28 31 32 45,Jun-09
6642239,5 15 30 35 41 48,Oct-07
6642594,5 15 30 42 46 49,Jul-13
6643060,5 15 31 35 42 46,Sep-20
6646320,5 15 40 41 45 49,Jun-96
6646809,5 16 17 18 31 38,Feb-92
6650593,5 16 17 31 38 45,Sep-02
6650781,5 16 17 32 45 48,May-95
6655144,5 16 18 31 46 49,Jul-86
6657995,5 16 19 25 46 48,May-87
6664892,5 16 21 25 40 48,Apr-07
6673003,5 16 24 26 46 48,May-04
6673905,5 16 24 31 38 47,Mar-17
6691454,5 17 18 34 44 45,Nov-18
6697869,5 17 20 27 28 31,Apr-94
6701406,5 17 21 28 30 43,Nov-82
6705345,5 17 22 34 40 47,Mar-03
6708067,5 17 23 35 45 48,Feb-86
6708504,5 17 24 25 28 49,Jul-95
6710424,5 17 24 36 41 49,Sep-07
6710956,5 17 25 26 41 42,Nov-91
6715136,5 17 27 31 33 48,Jul-90
6717604,5 17 29 31 33 46,Jul-01
6719784,5 17 31 34 36 38,Jun-93
6725497,5 18 19 26 30 40,Aug-93
6729255,5 18 20 26 37 39,Sep-08
6732342,5 18 21 25 44 47,Jan-88
6734404,5 18 22 23 25 26,Feb-85
6735766,5 18 22 28 29 32,Nov-05
6761313,5 19 21 34 43 49,May-90
6763398,5 19 22 29 31 32,Sep-13
6763690,5 19 22 30 39 45,Apr-86
6768382,5 19 24 29 36 41,Feb-19
6772220,5 19 26 29 40 42,Aug-01
6774250,5 19 27 32 44 46,Mar-10
6777734,5 19 30 33 36 39,Apr-95
6786356,5 20 22 25 36 48,Jun-87
6796630,5 20 26 34 37 46,Jun-99
6797025,5 20 26 39 45 46,Sep-89
6799020,5 20 28 30 41 42,Jan-06
6801123,5 20 29 42 45 49,Apr-98
6803678,5 20 33 34 38 48,Dec-15
6804432,5 20 34 38 39 47,Dec-97
6815050,5 21 25 32 33 41,Jun-08
6819801,5 21 28 32 43 46,Sep-08
6820585,5 21 29 30 36 42,Jun-99
6820588,5 21 29 30 36 45,Feb-06
6820817,5 21 29 31 45 49,Mar-97
6821962,5 21 30 33 36 41,Jul-92
6825316,5 21 35 38 47 48,May-08
6831692,5 22 25 27 30 44,Dec-93
6832430,5 22 25 30 45 46,Jan-08
6836298,5 22 27 35 38 47,May-94
6839265,5 22 30 31 37 38,Oct-96
6839591,5 22 30 33 45 48,Jan-16
6858391,5 23 37 40 44 45,Jul-20
6861325,5 24 26 28 33 45,May-13
6862461,5 24 26 36 41 45,Jul-85
6865223,5 24 28 35 38 42,Apr-00
6867123,5 24 30 33 37 40,Mar-99
6868023,5 24 31 34 35 44,Oct-09
6868297,5 24 31 37 38 47,Mar-03
6869014,5 24 32 37 43 44,Mar-20
6871209,5 24 38 40 44 48,Jun-93
6886751,5 26 30 34 41 44,Nov-99
6893871,5 27 30 32 46 49,Apr-08
6898871,5 28 29 32 43 45,Aug-88
6904796,5 29 30 33 41 49,Feb-88
6911470,5 30 34 36 43 49,Nov-84
6913832,5 31 33 34 36 38,Mar-90
6915521,5 31 37 38 43 49,Jul-98
6917119,5 32 34 40 45 47,Aug-88
6917864,5 32 37 38 39 42,May-11
6925117,6 7 8 9 20 28,Jun-11
6926021,6 7 8 10 26 38,Apr-92
6931906,6 7 8 21 27 38,May-17
6934189,6 7 8 29 35 45,Dec-14
6934344,6 7 8 30 34 43,Mar-05
6934976,6 7 8 35 36 43,Mar-85
6936691,6 7 9 11 30 43,Aug-04
6936752,6 7 9 11 34 38,May-17
6939904,6 7 9 17 19 44,Oct-94
6941967,6 7 9 21 38 43,Aug-86
6945183,6 7 9 39 47 49,Jul-16
6945410,6 7 10 11 14 47,Aug-02
6950001,6 7 10 19 21 45,Jul-11
6953277,6 7 10 29 42 44,Dec-05
6953674,6 7 10 32 36 38,May-83
6958027,6 7 11 18 22 43,Aug-20
6966931,6 7 12 20 38 40,Oct-11
6969861,6 7 12 32 34 46,Dec-16
6970422,6 7 12 37 45 48,Mar-91
6978360,6 7 14 16 17 27,Jun-08
6992772,6 7 16 22 37 38,Nov-94
6993713,6 7 16 25 40 48,Nov-02
6995816,6 7 17 18 20 32,Jun-15
6997443,6 7 17 21 43 49,Nov-84
7001636,6 7 18 21 24 32,Nov-89
7003543,6 7 18 27 32 39,Aug-89
7007679,6 7 19 27 37 45,Aug-91
7008132,6 7 19 29 43 47,Apr-03
7008748,6 7 19 34 36 41,Mar-98
7014824,6 7 21 28 38 39,Aug-92
7018497,6 7 22 33 36 40,Jan-00
7020716,6 7 23 30 38 45,Feb-91
7022291,6 7 24 27 28 46,Dec-12
7037672,6 8 9 11 18 48,Aug-18
7039320,6 8 9 13 34 40,Apr-18
7050863,6 8 10 18 22 45,May-87
7052611,6 8 10 22 30 43,Feb-15
7055469,6 8 10 37 42 46,Apr-89
7061911,6 8 11 25 28 45,Jan-12
7064311,6 8 12 13 18 46,Aug-99
7071904,6 8 12 44 46 47,Jul-94
7072414,6 8 13 14 35 40,Nov-19
7076651,6 8 13 24 34 46,Jul-01
7080506,6 8 14 17 32 47,Aug-00
7086196,6 8 15 17 20 23,Jun-87
7089225,6 8 15 24 38 41,Mar-20
7090898,6 8 15 32 44 49,Mar-89
7102802,6 8 18 20 40 42,Aug-12
7109010,6 8 19 27 45 46,Mar-03
7111512,6 8 20 23 35 39,Aug-20
7123613,6 8 24 27 31 41,Dec-11
7125087,6 8 24 37 45 48,Dec-86
7126370,6 8 25 31 32 33,May-16
7127213,6 8 25 39 46 47,Jan-16
7128451,6 8 26 33 35 42,Sep-05
7147305,6 9 11 12 19 20,Mar-12
7150151,6 9 11 17 20 27,Feb-89
7159785,6 9 12 21 27 32,Dec-99
7162643,6 9 12 33 34 48,Sep-90
7167588,6 9 13 23 26 41,Jan-95
7169540,6 9 13 31 35 47,Feb-95
7171082,6 9 14 16 19 28,Jan-89
7172473,6 9 14 18 42 44,Jun-08
7175142,6 9 14 26 36 46,Dec-85
7175745,6 9 14 29 34 45,Apr-03
7175796,6 9 14 29 38 46,Oct-94
7182231,6 9 15 32 37 48,Dec-07
7183975,6 9 16 19 21 28,Dec-17
7184619,6 9 16 20 31 41,Nov-18
7186890,6 9 16 27 46 48,Feb-97
7188483,6 9 17 18 20 39,Feb-01
7189380,6 9 17 20 22 40,Jan-07
7190528,6 9 17 23 26 36,Mar-11
7192815,6 9 17 33 43 45,Dec-00
7206607,6 9 21 25 27 32,Oct-03
7225243,6 9 30 37 43 49,Nov-16
7232185,6 10 11 16 32 36,Apr-12
7235167,6 10 11 23 42 47,Mar-17
7245412,6 10 12 39 41 49,Mar-95
7248898,6 10 13 20 32 37,Jan-08
7257525,6 10 14 27 30 40,Jan-18
7260054,6 10 15 17 28 44,Dec-99
7265691,6 10 16 17 41 43,Apr-19
7278130,6 10 18 26 27 41,Jun-89
7285246,6 10 20 23 45 47,Dec-08
7286722,6 10 20 30 31 39,Nov-90
7288774,6 10 21 24 38 48,Apr-07
7290083,6 10 21 30 36 49,Apr-88
7292995,6 10 22 30 35 49,Jul-12
7296568,6 10 23 40 46 49,Jun-95
7297469,6 10 24 28 31 46,May-09
7301347,6 10 26 28 37 42,Jan-98
7302600,6 10 26 39 41 47,Jun-88
7308968,6 10 32 37 40 48,Jul-91
7309628,6 10 33 39 40 48,Mar-09
7310968,6 10 37 39 42 48,May-16
7323000,6 11 13 21 27 41,Mar-93
7325381,6 11 13 30 31 37,Sep-03
7336981,6 11 15 25 40 46,Jul-91
7347456,6 11 17 26 27 47,Jul-95
7349908,6 11 18 20 21 34,Aug-11
7354215,6 11 19 20 32 39,Sep-06
7354694,6 11 19 21 39 49,Dec-10
7358779,6 11 20 23 25 35,Jul-84
7359307,6 11 20 24 38 42,Sep-97
7359779,6 11 20 26 34 35,Jan-07
7360219,6 11 20 28 33 49,Feb-99
7363061,6 11 21 26 34 41,Sep-10
7364686,6 11 21 37 40 46,Dec-04
7367514,6 11 22 36 37 45,Mar-20
7381191,6 11 30 36 37 48,Jan-99
7389124,6 12 13 21 31 42,Nov-16
7393974,6 12 14 17 30 49,Mar-14
7395050,6 12 14 20 21 26,Oct-13
7400438,6 12 15 18 31 46,Feb-20
7402711,6 12 15 24 36 49,Jan-87
7402910,6 12 15 25 31 47,May-03
7413674,6 12 17 26 38 44,Dec-98
7414106,6 12 17 28 37 46,May-05
7415785,6 12 18 19 31 47,Jan-92
7416171,6 12 18 20 30 45,May-99
7417550,6 12 18 24 32 35,Apr-88
7418433,6 12 18 27 42 43,Dec-08
7424132,6 12 20 21 24 43,Mar-05
7435362,6 12 23 29 44 46,Sep-20
7435435,6 12 23 30 34 43,Dec-91
7437566,6 12 24 29 34 45,Dec-97
7440811,6 12 25 43 45 47,Jun-07
7451613,6 13 14 15 20 42,Oct-96
7455559,6 13 14 24 32 34,Sep-15
7470030,6 13 17 19 24 29,Jul-04
7479742,6 13 19 22 25 27,Jul-88
7482265,6 13 19 32 43 44,Feb-12
7492656,6 13 22 39 40 41,Sep-16
7492960,6 13 23 24 31 42,Nov-00
7493514,6 13 23 26 33 34,Aug-03
7494931,6 13 23 34 41 43,Apr-09
7496599,6 13 24 30 32 33,Jun-89
7503148,6 13 28 29 35 43,Sep-19
7506882,6 13 31 35 38 40,Apr-90
7512020,6 14 15 19 26 28,Oct-90
7520093,6 14 16 27 30 43,Jan-97
7520612,6 14 16 29 38 46,Mar-15
7522116,6 14 17 18 31 43,Mar-17
7522481,6 14 17 19 28 30,May-89
7527870,6 14 18 21 34 35,Jan-93
7528510,6 14 18 23 31 47,Nov-20
7538228,6 14 20 32 37 44,Jan-00
7546176,6 14 23 27 38 40,Nov-94
7546629,6 14 23 29 44 48,Aug-92
7550969,6 14 25 30 31 36,Aug-97
7552227,6 14 26 27 34 46,Oct-12
7567852,6 15 16 36 39 46,Jul-97
7582174,6 15 20 22 26 46,May-85
7588922,6 15 22 23 41 43,Jan-14
7589757,6 15 22 26 41 49,Apr-07
7590433,6 15 22 30 31 48,Oct-04
7591744,6 15 23 24 34 42,Apr-95
7593076,6 15 23 30 34 43,Jun-98
7602939,6 15 28 38 43 47,Feb-95
7608068,6 15 35 42 47 48,Nov-91
7608898,6 15 40 41 42 44,Apr-14
7611347,6 16 17 23 34 35,Jul-98
7612730,6 16 17 28 45 49,Nov-98
7617516,6 16 18 30 37 39,Jul-14
7618685,6 16 19 20 25 43,May-84
7625011,6 16 20 29 33 45,May-03
7634145,6 16 23 31 34 39,Sep-02
7634954,6 16 23 39 47 48,Jun-20
7639813,6 16 26 28 41 49,Jul-84
7640060,6 16 26 30 32 43,Nov-87
7641623,6 16 27 30 34 35,Jan-00
7644079,6 16 29 30 33 36,Jan-13
7644592,6 16 29 33 41 48,Mar-17
7664017,6 17 21 28 31 38,Aug-11
7664985,6 17 21 34 37 44,May-18
7669613,6 17 23 28 35 47,Feb-95
7671395,6 17 24 26 31 32,Mar-87
7672992,6 17 24 36 38 46,Dec-82
7680381,6 17 29 32 36 47,May-07
7680407,6 17 29 32 39 40,Jun-84
7680913,6 17 29 37 45 47,Sep-17
7681626,6 17 30 34 41 48,Mar-89
7685194,6 17 36 41 42 49,Sep-09
7696068,6 18 21 31 35 48,Dec-84
7699988,6 18 23 24 28 46,Oct-02
7702241,6 18 23 37 40 45,Dec-05
7706364,6 18 25 34 45 49,Oct-06
7720273,6 19 20 31 43 48,Nov-94
7725679,6 19 22 27 36 40,Aug-85
7725829,6 19 22 28 32 38,Feb-89
7734098,6 19 25 39 44 47,Apr-91
7736964,6 19 27 33 43 47,Feb-95
7738445,6 19 28 35 38 42,Jan-96
7740705,6 19 30 37 38 49,Apr-19
7742652,6 19 33 35 43 44,Aug-88
7749373,6 20 22 27 32 41,Sep-88
7752369,6 20 23 29 32 37,Jan-86
7754674,6 20 24 29 32 42,Mar-93
7755374,6 20 24 33 42 47,Jan-98
7759644,6 20 26 40 42 46,Jun-98
7765201,6 20 31 36 38 44,Mar-01
7767570,6 20 35 42 47 49,Oct-88
7786928,6 21 33 36 39 46,Sep-16
7787209,6 21 33 42 43 46,Jan-06
7787700,6 21 34 44 45 48,Jul-20
7788080,6 21 35 46 48 49,Jun-19
7791616,6 22 23 41 44 49,Nov-12
7793015,6 22 24 31 32 34,Jun-18
7794163,6 22 25 26 37 43,Feb-98
7799942,6 22 28 32 42 45,Oct-98
7800332,6 22 28 36 41 48,Aug-05
7806298,6 22 38 45 48 49,Jun-20
7807028,6 23 24 26 33 36,Dec-88
7807703,6 23 24 29 36 38,Oct-20
7810087,6 23 25 31 39 41,Mar-90
7817072,6 23 30 33 37 41,Nov-06
7819793,6 23 34 35 38 44,Jun-16
7823489,6 24 25 40 41 44,Oct-00
7826377,6 24 27 34 36 42,Apr-10
7830377,6 24 31 32 34 39,Dec-07
7832727,6 24 34 39 43 44,Jan-18
7834791,6 25 26 29 37 43,Aug-16
7839508,6 25 29 34 39 44,Oct-14
7844352,6 25 37 44 47 49,Jul-18
7845803,6 26 27 33 41 42,Aug-06
7846624,6 26 28 30 33 34,May-05
7847375,6 26 28 36 37 48,Mar-84
7847908,6 26 29 31 32 41,Feb-86
7849658,6 26 30 38 44 45,Jul-06
7853606,6 26 41 42 47 48,Sep-13
7856229,6 27 30 31 34 47,Jan-97
7856599,6 27 30 34 35 42,Mar-16
7859005,6 27 33 38 40 47,Sep-17
7859150,6 27 33 41 47 48,Nov-93
7862215,6 28 30 31 34 48,May-06
7864659,6 28 33 34 36 48,Jan-99
7868196,6 29 31 33 40 43,Mar-13
7870201,6 29 34 36 45 49,May-20
7871901,6 30 31 32 35 47,May-91
7873740,6 30 33 38 45 46,Mar-18
7873766,6 30 33 39 41 49,Jan-85
7874479,6 30 35 37 41 43,Oct-14
7877163,6 31 34 37 39 48,Aug-88
7878180,6 31 37 40 41 42,Oct-17
7879847,6 32 35 36 40 45,Nov-12
7882702,6 33 39 41 42 44,Aug-01
7888864,7 8 9 12 14 36,Mar-20
7894651,7 8 9 24 25 34,Oct-20
7900232,7 8 10 15 31 37,Sep-84
7902538,7 8 10 20 30 31,Aug-14
7902574,7 8 10 20 31 49,Sep-90
7909331,7 8 11 16 41 47,Feb-90
7910471,7 8 11 19 25 39,Oct-85
7910478,7 8 11 19 25 46,Jul-13
7911967,7 8 11 23 27 30,Feb-20
7917754,7 8 12 18 23 36,Dec-96
7922363,7 8 12 37 46 48,Jun-02
7923762,7 8 13 16 17 36,Nov-93
7927203,7 8 13 24 28 35,Jan-18
7927643,7 8 13 25 38 44,Jun-91
7927806,7 8 13 26 32 35,Oct-07
7927962,7 8 13 27 28 34,May-19
7933572,7 8 14 23 35 40,Aug-18
7939708,7 8 15 24 27 32,May-09
7947472,7 8 16 37 43 44,Sep-03
7949428,7 8 17 22 24 30,May-11
7954565,7 8 18 23 47 48,Sep-01
7955917,7 8 18 29 34 44,May-01
7958453,7 8 19 23 30 46,May-10
7964981,7 8 21 22 27 29,Jun-03
7970362,7 8 22 32 40 45,Jun-16
7971907,7 8 23 26 46 48,Jan-92
7973468,7 8 23 38 39 45,Oct-08
7974453,7 8 24 28 29 40,Apr-05
7975280,7 8 24 32 42 48,Nov-18
7975823,7 8 24 39 40 46,Jul-92
7985134,7 8 31 35 37 41,Jan-95
7990055,7 9 10 13 15 34,Mar-99
7992751,7 9 10 17 38 44,Feb-92
7996012,7 9 10 27 28 40,Jan-10
7997676,7 9 10 40 44 48,Oct-89
8000733,7 9 11 16 43 46,Jul-85
8003754,7 9 11 24 31 49,Jan-89
8004344,7 9 11 26 35 48,Nov-02
8012975,7 9 12 30 41 44,Mar-99
8018262,7 9 13 23 26 47,Feb-06
8018860,7 9 13 25 27 47,Feb-00
8019121,7 9 13 26 28 34,May-89
8025081,7 9 14 24 25 44,Mar-10
8030306,7 9 15 21 38 40,Oct-08
8039300,7 9 17 18 26 35,Jan-87
8040741,7 9 17 21 39 49,Nov-91
8041214,7 9 17 23 27 32,Sep-08
8042368,7 9 17 27 31 48,Dec-00
8045411,7 9 18 22 28 38,Sep-12
8048682,7 9 19 20 25 44,Jun-03
8050567,7 9 19 25 42 44,Aug-94
8051178,7 9 19 28 34 45,Dec-93
8054353,7 9 20 26 32 38,Jul-95
8054842,7 9 20 28 35 41,Dec-83
8057267,7 9 21 25 26 46,Jan-91
8058013,7 9 21 28 29 35,Sep-85
8058252,7 9 21 29 31 47,Mar-07
8058925,7 9 21 33 38 42,Aug-82
8059449,7 9 21 40 44 45,Mar-15
8059799,7 9 22 23 37 42,Aug-01
8062070,7 9 22 35 40 47,Jan-02
8062809,7 9 23 25 27 41,Apr-10
8068995,7 9 25 35 40 48,Jul-08
8077830,7 9 33 35 45 47,Feb-03
8082783,7 10 11 16 28 40,May-83
8088458,7 10 11 47 48 49,Apr-05
8089917,7 10 12 15 23 47,Nov-97
8095537,7 10 12 32 44 48,Jul-86
8099035,7 10 13 19 26 29,Oct-11
8102756,7 10 13 33 39 42,Jun-05
8110941,7 10 15 18 19 23,Mar-89
8111517,7 10 15 19 24 29,Nov-02
8111992,7 10 15 20 27 29,Feb-88
8114040,7 10 15 26 36 41,Aug-10
8138808,7 10 21 22 38 39,Jun-11
8140516,7 10 21 29 32 43,Sep-04
8145304,7 10 23 26 27 32,Jul-91
8147910,7 10 24 27 30 47,Mar-05
8154906,7 10 27 42 43 47,Jun-00
8158056,7 10 30 36 38 49,Sep-95
8158510,7 10 31 32 42 47,Aug-09
8158990,7 10 31 37 46 49,Apr-90
8161769,7 10 37 45 46 47,Jun-90
8162804,7 11 12 13 35 41,Jun-14
8170788,7 11 13 15 20 44,Sep-14
8176723,7 11 13 34 46 47,Feb-08
8176877,7 11 13 36 43 44,Nov-91
8179124,7 11 14 18 34 45,Aug-85
8186716,7 11 15 22 37 44,Jun-12
8188586,7 11 15 30 31 45,Sep-10
8189570,7 11 15 39 42 48,Sep-04
8198736,7 11 17 28 38 42,May-90
8203999,7 11 18 33 38 40,Aug-86
8222149,7 11 24 29 32 36,Oct-02
8236586,7 12 13 14 35 43,Mar-86
8238740,7 12 13 19 20 27,Oct-94
8244216,7 12 14 16 35 39,Jul-91
8260001,7 12 16 29 37 43,Oct-00
8271666,7 12 19 22 32 48,Apr-92
8275190,7 12 20 22 26 35,Oct-13
8277929,7 12 20 35 36 38,Sep-97
8284168,7 12 22 35 39 43,Jul-16
8292651,7 12 26 33 37 48,Oct-86
8297883,7 12 30 35 44 49,Feb-99
8299426,7 12 32 36 40 44,Jun-17
8301434,7 12 37 38 40 46,Sep-90
8302870,7 13 14 16 22 48,Oct-11
8317720,7 13 16 24 35 42,Dec-07
8320683,7 13 17 19 23 39,Nov-91
8325947,7 13 18 21 23 24,Jan-11
8326698,7 13 18 23 26 27,Oct-10
8327569,7 13 18 26 27 47,Dec-97
8333243,7 13 19 35 42 44,Sep-15
8337507,7 13 21 22 33 38,Jul-96
8344020,7 13 23 25 40 41,Apr-15
8345284,7 13 23 32 33 45,Dec-82
8347518,7 13 24 31 39 40,Dec-84
8348240,7 13 24 39 41 49,Aug-96
8353059,7 13 27 33 35 36,Mar-16
8353464,7 13 27 37 40 46,Nov-07
8364319,7 14 15 23 35 37,Aug-12
8372019,7 14 16 34 46 48,Dec-86
8373261,7 14 17 19 34 37,Jun-07
8373716,7 14 17 20 37 47,Sep-82
8374340,7 14 17 22 30 47,Mar-91
8379761,7 14 18 25 32 37,Feb-98
8379992,7 14 18 26 31 32,Mar-19
8385894,7 14 19 40 43 49,Oct-00
8386346,7 14 20 21 42 45,Jan-06
8386989,7 14 20 23 38 46,Aug-03
8387127,7 14 20 24 28 39,Apr-00
8388574,7 14 20 30 35 36,Feb-02
8391405,7 14 21 28 30 32,Nov-20
8399018,7 14 24 27 29 49,Dec-99
8403035,7 14 26 28 30 42,Mar-93
8405400,7 14 27 32 46 49,May-98
8410682,7 14 32 36 39 44,Dec-92
8414201,7 15 16 18 31 44,Jan-87
8416891,7 15 16 26 29 47,May-90
8422636,7 15 17 29 40 47,Aug-88
8430830,7 15 19 28 29 30,Jan-93
8431554,7 15 19 32 33 34,Jul-91
8433387,7 15 20 23 40 49,Dec-95
8440879,7 15 22 28 43 49,Jul-19
8442560,7 15 23 25 27 40,Mar-09
8443113,7 15 23 27 30 49,Dec-95
8447133,7 15 25 26 27 36,May-17
8448457,7 15 25 32 44 48,Aug-97
8448971,7 15 25 38 44 47,Jun-14
8451547,7 15 27 31 35 44,Jun-15
8452521,7 15 28 29 33 41,Apr-92
8454329,7 15 29 33 40 45,Mar-03
8456653,7 15 31 41 46 47,Jan-93
8458225,7 15 34 38 43 45,Sep-01
8458261,7 15 34 39 41 49,Jan-08
8463881,7 16 17 31 40 48,Jul-82
8475469,7 16 20 28 32 41,Jan-92
8481513,7 16 22 27 35 49,Jun-16
8493569,7 16 28 29 48 49,Nov-15
8494246,7 16 28 34 45 47,Jun-84
8502039,7 17 18 22 28 34,May-20
8502698,7 17 18 24 29 48,Jan-85
8511808,7 17 20 30 33 43,Jul-86
8515722,7 17 21 34 47 48,Dec-19
8523213,7 17 24 32 34 43,May-98
8526447,7 17 26 28 42 48,Apr-86
8530936,7 17 29 31 38 47,Jul-86
8532197,7 17 30 33 42 49,Feb-13
8535115,7 17 34 38 45 46,Mar-90
8540947,7 18 20 21 32 40,Feb-98
8542369,7 18 20 26 28 31,Mar-02
8542806,7 18 20 27 42 48,Jul-95
8544905,7 18 21 23 32 46,Sep-95
8545708,7 18 21 26 31 37,Jun-92
8545755,7 18 21 26 34 36,Mar-92
8546414,7 18 21 29 36 37,Oct-96
8549516,7 18 22 30 36 43,Jun-01
8549688,7 18 22 31 38 39,Oct-16
8550621,7 18 23 24 27 32,Aug-11
8551075,7 18 23 25 37 45,Oct-82
8556991,7 18 25 34 39 47,Oct-93
8558844,7 18 26 35 38 48,Oct-92
8559781,7 18 27 30 39 40,Oct-87
8566698,7 18 34 41 48 49,Jul-16
8573743,7 19 21 29 31 36,Sep-13
8573997,7 19 21 30 36 44,Dec-02
8582969,7 19 25 26 31 44,Feb-16
8585333,7 19 26 28 45 49,Jun-83
8590495,7 19 29 38 43 45,Jan-88
8592438,7 19 31 43 45 49,Mar-04
8592696,7 19 32 35 36 43,Jul-04
8592987,7 19 32 39 40 48,Jan-16
8594829,7 19 37 38 41 42,Apr-17
8599115,7 20 22 23 44 49,Feb-98
8602722,7 20 23 27 38 41,Jun-96
8604407,7 20 24 25 29 45,Mar-07
8606390,7 20 24 37 43 49,Jun-07
8606624,7 20 24 46 48 49,Apr-85
8617123,7 20 33 36 39 48,Dec-15
8619711,7 21 22 24 30 31,Aug-07
8624564,7 21 23 37 43 48,Aug-07
8628285,7 21 25 31 42 47,Nov-96
8633023,7 21 28 32 38 42,Feb-16
8636503,7 21 31 38 42 48,Dec-03
8636748,7 21 32 33 38 42,Sep-96
8640542,7 22 23 26 40 48,Feb-12
8643623,7 22 24 30 38 46,Dec-06
8644949,7 22 25 27 30 35,Dec-83
8646267,7 22 25 35 40 42,Feb-00
8646547,7 22 25 39 45 48,Feb-94
8646882,7 22 26 27 42 47,Dec-14
8648715,7 22 27 29 33 39,Jun-12
8650519,7 22 28 32 34 38,Dec-12
8655985,7 22 35 36 41 49,Apr-02
8658025,7 23 24 27 41 42,Jun-04
8663785,7 23 27 29 44 49,Oct-88
8678027,7 24 28 31 37 43,Mar-86
8678695,7 24 28 37 48 49,Jul-99
8681841,7 24 32 33 34 35,Oct-91
8683671,7 24 35 37 45 47,Jan-85
8684097,7 24 36 40 46 48,Aug-95
8688643,7 25 28 31 36 45,Mar-11
8688789,7 25 28 32 37 43,Jul-86
8689310,7 25 28 37 44 48,Dec-90
8697884,7 26 28 34 38 47,Dec-89
8701151,7 26 31 38 46 47,Mar-14
8716574,7 28 35 40 42 48,Mar-06
8717220,7 28 38 39 44 48,Feb-02
8725546,7 30 36 39 42 49,Nov-05
8730553,7 32 35 36 47 48,Dec-99
8731168,7 32 37 38 44 45,May-03
8742493,8 9 10 18 30 39,Sep-88
8749162,8 9 11 15 19 25,Sep-86
8757456,8 9 12 16 19 21,Nov-08
8759696,8 9 12 20 42 45,Oct-08
8759714,8 9 12 20 45 48,Apr-05
8765445,8 9 13 17 34 44,Jan-05
8767486,8 9 13 22 35 36,May-13
8768754,8 9 13 27 28 38,Dec-92
8775484,8 9 14 27 40 49,Jun-96
8776874,8 9 14 38 42 49,Nov-92
8779825,8 9 15 22 25 31,Jul-88
8779856,8 9 15 22 26 39,Jan-02
8780407,8 9 15 23 40 48,Nov-13
8781206,8 9 15 26 37 48,Oct-15
8783642,8 9 16 18 22 37,Aug-94
8790516,8 9 17 22 43 45,Sep-90
8801605,8 9 19 35 39 48,Sep-86
8803668,8 9 20 26 28 29,May-10
8808463,8 9 21 34 42 43,Sep-01
8810664,8 9 22 29 37 49,Oct-03
8820440,8 9 26 39 46 47,May-11
8826319,8 9 31 42 45 49,Oct-07
8827987,8 9 34 41 44 47,Mar-86
8830860,8 10 11 14 19 33,Dec-17
8834275,8 10 11 21 24 44,Aug-14
8836157,8 10 11 27 31 43,Feb-89
8838918,8 10 12 14 31 39,Dec-07
8840303,8 10 12 17 22 37,Jul-18
8842427,8 10 12 22 26 28,Feb-12
8853376,8 10 14 16 18 35,Dec-12
8856156,8 10 14 22 28 29,Dec-09
8859683,8 10 15 16 31 46,Apr-03
8873866,8 10 17 26 37 41,Jun-91
8875375,8 10 17 36 39 44,Aug-16
8875862,8 10 18 19 25 41,Mar-05
8879361,8 10 18 31 41 48,Jan-97
8897384,8 10 24 27 35 43,Apr-86
8900212,8 10 25 31 43 47,Jul-88
8902335,8 10 26 34 42 44,Mar-88
8908112,8 10 31 34 40 41,Jun-94
8908550,8 10 31 41 46 47,Sep-18
8908934,8 10 32 36 37 44,Jul-93
8909770,8 10 33 41 42 45,Jan-05
8914903,8 11 12 18 40 42,Jul-07
8928349,8 11 14 18 25 43,Sep-94
8929045,8 11 14 19 42 49,Sep-16
8932636,8 11 14 34 41 42,Nov-99
8938142,8 11 15 31 32 33,Sep-87
8940676,8 11 16 20 27 44,Dec-86
8958041,8 11 19 42 46 47,Jun-13
8959400,8 11 20 24 41 42,Jun-16
8966263,8 11 22 27 33 36,Dec-06
8966742,8 11 22 29 39 40,Dec-17
8982108,8 11 31 36 41 45,Jun-18
8996056,8 12 14 22 29 49,Mar-09
9002335,8 12 15 23 28 39,Jan-02
9002496,8 12 15 23 38 45,Mar-98
9004629,8 12 15 34 37 44,Sep-18
9006574,8 12 16 20 21 44,Oct-88
9012882,8 12 17 23 36 38,Mar-06
9014177,8 12 17 28 38 40,Mar-98
9017590,8 12 18 24 30 44,Apr-94
9021862,8 12 19 25 27 40,Jul-96
9023534,8 12 19 33 41 45,Sep-85
9026098,8 12 20 27 32 43,Apr-14
9026403,8 12 20 28 39 47,Jan-09
9032342,8 12 22 27 35 41,Oct-15
9033557,8 12 22 35 38 44,Jun-15
9033737,8 12 22 37 42 46,Sep-05
9033820,8 12 22 39 40 44,Oct-92
9034549,8 12 23 25 45 47,Dec-17
9037793,8 12 24 30 34 35,Oct-06
9039921,8 12 25 30 43 49,May-91
9040733,8 12 25 38 45 48,Aug-15
9044521,8 12 28 30 38 48,Mar-10
9049385,8 12 33 36 40 45,Apr-98
9049983,8 12 34 38 43 46,Jul-89
9064586,8 13 16 18 19 49,Apr-84
9065336,8 13 16 19 33 49,Oct-03
9069248,8 13 16 37 39 46,Jul-95
9069733,8 13 17 18 27 32,Sep-95
9084312,8 13 20 24 37 42,Nov-15
9086726,8 13 21 22 24 39,Jul-06
9090031,8 13 22 23 26 47,Jan-88
9092412,8 13 22 34 43 45,Mar-91
9094617,8 13 23 31 39 41,Jul-92
9095231,8 13 23 37 41 42,Feb-07
9096312,8 13 24 28 32 41,Feb-96
9098776,8 13 25 30 38 39,Jun-90
9098822,8 13 25 30 43 45,Feb-97
9100134,8 13 26 28 34 37,Jan-96
9102751,8 13 27 35 45 49,Oct-14
9108100,8 13 33 34 38 43,Feb-16
9113144,8 14 15 21 48 49,Dec-95
9117227,8 14 16 18 31 48,Nov-82
9119312,8 14 16 24 26 38,Oct-86
9139964,8 14 21 24 38 47,Aug-86
9149817,8 14 24 36 40 42,Jul-09
9151371,8 14 25 32 34 35,Oct-83
9162509,8 14 39 41 42 49,Jul-99
9170107,8 15 17 22 30 40,May-09
9170110,8 15 17 22 30 43,Feb-18
9171989,8 15 17 29 36 44,Mar-11
9191301,8 15 22 36 41 42,Mar-89
9194062,8 15 23 39 40 45,Jun-96
9194313,8 15 24 25 30 35,Oct-11
9197407,8 15 25 30 31 32,Oct-17
9201764,8 15 27 40 45 46,Feb-99
9208946,8 15 39 44 45 49,Jan-11
9213868,8 16 17 37 40 41,May-86
9216634,8 16 18 26 28 37,Sep-13
9218982,8 16 19 20 39 43,Nov-19
9221968,8 16 19 32 40 46,Jun-07
9225218,8 16 20 30 31 48,Mar-85
9229483,8 16 21 39 44 45,Aug-14
9231580,8 16 22 31 32 39,Dec-88
9244528,8 16 29 32 40 46,Jun-87
9248009,8 16 33 37 40 42,May-07
9267906,8 17 22 33 40 49,Oct-15
9272923,8 17 24 34 42 46,Oct-09
9273593,8 17 25 26 38 42,Oct-92
9273646,8 17 25 26 45 46,Jan-92
9281852,8 17 30 36 40 47,Dec-07
9290787,8 18 20 22 39 40,Jan-98
9291793,8 18 20 26 29 37,May-91
9292658,8 18 20 30 32 46,Oct-11
9295249,8 18 21 26 42 48,Apr-03
9307648,8 18 26 30 39 49,Dec-95
9311822,8 18 29 31 41 43,Nov-03
9312392,8 18 29 37 38 44,Jun-12
9315434,8 18 33 37 40 42,Feb-88
9316652,8 18 36 39 41 47,Sep-82
9326296,8 19 22 30 34 47,Jul-05
9337070,8 19 27 34 36 45,Oct-95
9343870,8 19 35 42 43 48,Apr-98
9346013,8 20 21 25 31 41,Jul-82
9346579,8 20 21 27 36 48,Jun-06
9347092,8 20 21 30 32 48,Jan-20
9348698,8 20 22 24 33 44,Mar-03
9349863,8 20 22 29 33 49,Apr-09
9350836,8 20 22 36 47 49,Aug-98
9351615,8 20 23 25 36 43,May-97
9364598,8 20 30 38 41 43,Apr-93
9366988,8 20 34 36 41 43,Feb-00
9368233,8 20 38 40 42 44,Oct-96
9369646,8 21 22 26 30 39,Jun-12
9370658,8 21 22 31 33 45,Dec-96
9372875,8 21 23 29 30 37,Sep-98
9374611,8 21 24 26 34 38,May-04
9375907,8 21 24 33 41 46,May-16
9378063,8 21 25 34 46 48,Jun-17
9378114,8 21 25 35 40 41,Jul-01
9391419,8 22 23 36 40 42,Jan-17
9396191,8 22 26 27 34 42,Jan-83
9399750,8 22 28 31 32 38,Jun-88
9400626,8 22 28 40 46 49,Oct-17
9401039,8 22 29 32 33 35,Mar-15
9401814,8 22 29 42 46 48,May-94
9406030,8 22 37 38 45 47,Feb-04
9406086,8 22 37 40 41 44,Oct-12
9406608,8 22 41 43 48 49,Jun-02
9408086,8 23 24 31 35 44,May-15
9409577,8 23 25 28 34 39,Jun-13
9410221,8 23 25 32 33 48,Aug-13
9410499,8 23 25 34 37 47,May-20
9416256,8 23 29 34 35 48,Aug-15
9416310,8 23 29 34 40 47,Feb-03
9419741,8 23 33 40 46 49,Nov-07
9432733,8 24 34 38 41 42,Dec-11
9450275,8 26 31 35 36 47,Feb-06
9453949,8 27 28 29 43 44,Mar-84
9455653,8 27 29 33 40 49,Sep-20
9455887,8 27 29 36 37 39,Jan-88
9462237,8 28 30 31 32 35,Jan-91
9462574,8 28 30 33 37 46,Nov-93
9462949,8 28 30 37 41 43,Apr-93
9463049,8 28 30 39 41 43,Feb-20
9463912,8 28 31 40 42 47,Oct-16
9467795,8 29 30 37 41 44,Oct-16
9469405,8 29 32 39 43 45,Oct-86
9470292,8 29 34 37 39 47,Apr-98
9476576,8 31 33 34 45 46,Apr-94
9479397,8 32 33 43 46 49,Dec-06
9479739,8 32 34 39 43 48,Jan-09
9482072,8 33 36 37 39 41,Jun-82
9483780,8 34 37 39 41 47,Jan-83
9484070,8 34 38 43 46 47,Feb-96
9485420,8 35 44 46 48 49,Nov-84
9488718,9 10 11 13 45 49,Apr-17
9491320,9 10 11 18 39 45,Jan-12
9492366,9 10 11 21 28 37,Apr-87
9493452,9 10 11 24 34 42,Oct-12
9499002,9 10 12 18 32 48,Jan-86
9499256,9 10 12 19 24 31,Sep-12
9507944,9 10 13 23 28 29,Nov-03
9509675,9 10 13 30 33 39,Jun-05
9510880,9 10 14 15 19 29,Oct-10
9518418,9 10 15 18 21 37,Feb-15
9523858,9 10 16 18 20 49,May-05
9530387,9 10 17 21 38 48,Dec-85
9534660,9 10 18 21 25 47,Apr-94
9539464,9 10 19 23 28 49,Jan-18
9542253,9 10 19 43 47 49,Aug-06
9542968,9 10 20 22 41 42,Mar-86
9547695,9 10 21 28 30 41,Aug-92
9550926,9 10 22 29 38 41,Jul-07
9551944,9 10 22 38 43 44,Oct-01
9553369,9 10 23 28 41 47,Jan-17
9554344,9 10 23 35 42 49,Oct-98
9554503,9 10 23 37 45 49,Nov-18
9559536,9 10 26 29 32 37,Aug-09
9559622,9 10 26 29 38 42,Sep-15
9564916,9 10 30 31 37 44,Feb-94
9574457,9 11 12 22 37 48,May-01
9583367,9 11 13 29 36 45,Nov-85
9593699,9 11 15 21 32 42,May-87
9596565,9 11 15 34 35 42,Mar-10
9609230,9 11 18 23 29 40,Jul-09
9612857,9 11 19 22 24 42,Sep-00
9614375,9 11 19 27 30 46,Jun-85
9616749,9 11 20 22 37 46,Mar-16
9621034,9 11 21 26 28 45,Nov-16
9621487,9 11 21 28 29 37,Feb-91
9624331,9 11 22 27 37 42,May-94
9634780,9 11 27 28 37 46,Aug-83
9635576,9 11 27 33 40 42,Jul-02
9636534,9 11 28 30 45 49,Mar-18
9639979,9 11 31 34 48 49,Jan-12
9640567,9 11 32 34 35 48,Jun-92
9640764,9 11 32 36 38 40,Apr-14
9640895,9 11 32 38 39 40,Sep-97
9642609,9 11 36 38 46 47,Feb-01
9644078,9 12 13 14 44 48,Sep-82
9648766,9 12 13 26 35 43,Nov-13
9649835,9 12 13 32 34 35,Aug-89
9652960,9 12 14 19 31 43,Apr-04
9658182,9 12 15 17 42 49,Oct-14
9659203,9 12 15 20 24 43,Jun-19
9659229,9 12 15 20 25 45,Mar-19
9661875,9 12 15 29 32 37,Apr-98
9664877,9 12 16 20 36 39,Dec-84
9666032,9 12 16 24 25 38,Dec-10
9666665,9 12 16 26 30 37,Nov-08
9669535,9 12 17 20 21 37,Nov-13
9670946,9 12 17 23 41 44,Dec-19
9671370,9 12 17 25 30 35,Jun-92
9680937,9 12 19 29 38 47,Jul-10
9681687,9 12 19 35 36 44,Mar-88
9682440,9 12 20 21 37 43,Aug-83
9684335,9 12 20 28 33 46,Apr-10
9686043,9 12 21 22 35 44,Mar-92
9688783,9 12 21 37 38 43,Apr-16
9693999,9 12 23 33 41 47,Dec-96
9695765,9 12 24 30 31 47,May-85
9698018,9 12 25 31 36 48,Jul-98
9701165,9 12 27 30 36 37,Jul-95
9715259,9 13 14 31 45 46,Nov-94
9715470,9 13 14 33 39 40,Oct-90
9715985,9 13 14 40 43 49,Nov-05
9717192,9 13 15 18 21 46,Jun-15
9733012,9 13 18 20 24 36,Jan-15
9737979,9 13 19 22 33 34,Feb-14
9738325,9 13 19 23 34 40,Jul-88
9740331,9 13 19 32 41 49,Aug-12
9743544,9 13 20 29 45 46,Jan-09
9743606,9 13 20 30 34 36,Feb-96
9745289,9 13 21 23 36 47,Nov-00
9745882,9 13 21 25 38 41,Mar-04
9754288,9 13 24 28 30 44,Mar-95
9759737,9 13 27 28 38 42,Feb-01
9781176,9 14 17 20 44 45,Oct-11
9781503,9 14 17 21 38 39,May-18
9781663,9 14 17 22 26 46,Apr-05
9784119,9 14 17 32 39 49,Jan-03
9790780,9 14 19 23 43 45,Oct-05
9792000,9 14 19 28 37 46,Apr-97
9798313,9 14 21 26 27 35,Jun-94
9803249,9 14 22 45 47 49,Oct-06
9808125,9 14 24 43 45 46,Mar-13
9811148,9 14 26 32 33 48,Jun-95
9825601,9 15 16 33 35 41,Jun-92
9830269,9 15 17 31 33 34,Aug-91
9832118,9 15 18 21 24 28,Sep-17
9835165,9 15 18 34 35 45,May-06
9845065,9 15 21 27 35 40,Jan-15
9846241,9 15 21 34 45 46,Jul-89
9849014,9 15 22 33 38 48,Mar-06
9849433,9 15 22 38 41 45,Feb-92
9853931,9 15 24 33 40 46,Aug-17
9854796,9 15 25 27 28 41,Mar-93
9856865,9 15 26 28 33 39,Apr-01
9858225,9 15 26 40 43 48,Mar-96
9864556,9 15 32 37 42 46,Dec-93
9869741,9 16 17 24 35 41,Oct-87
9872722,9 16 18 20 26 43,Aug-83
9873376,9 16 18 22 23 40,Nov-17
9878553,9 16 19 25 34 36,Feb-86
9880636,9 16 19 41 46 49,Jan-07
9886044,9 16 21 27 40 44,Feb-87
9887826,9 16 22 23 33 45,Aug-04
9888954,9 16 22 27 38 48,Apr-94
9897554,9 16 26 27 32 34,Dec-16
9898127,9 16 26 30 32 36,Aug-93
9899315,9 16 27 28 32 45,Feb-99
9904856,9 16 31 38 43 45,Jun-84
9906689,9 16 34 42 44 48,Mar-09
9908913,9 17 18 20 41 49,Aug-07
9911803,9 17 18 32 34 42,Mar-89
9913528,9 17 19 22 29 37,Mar-01
9914816,9 17 19 26 37 47,Sep-17
9915286,9 17 19 28 40 46,Apr-88
9922046,9 17 21 28 29 30,Jun-90
9926085,9 17 22 35 38 43,Dec-14
9938500,9 17 29 32 41 42,Dec-96
9938998,9 17 29 38 39 42,Oct-95
9941598,9 17 32 41 42 44,May-13
9943148,9 17 36 38 41 45,May-17
9951923,9 18 21 22 29 37,Aug-18
9955930,9 18 22 25 42 49,Sep-99
9956055,9 18 22 26 32 36,Apr-91
9961139,9 18 24 27 29 43,Aug-11
9969299,9 18 28 37 42 49,Mar-07
9975420,9 18 41 42 48 49,Aug-14
9976800,9 19 20 24 36 48,May-06
9978331,9 19 20 31 41 45,Mar-12
9978367,9 19 20 32 33 37,Dec-85
9979702,9 19 21 23 31 49,Dec-95
9981422,9 19 21 30 38 40,Dec-00
9984751,9 19 22 33 37 46,Jan-06
9992511,9 19 26 27 42 46,Sep-17
9992886,9 19 26 29 39 45,Sep-07
9996650,9 19 28 36 45 46,Jun-83
9999126,9 19 31 32 38 40,Oct-94
10002109,9 19 36 40 42 48,Oct-99
10002508,9 19 38 40 45 47,Mar-15
10004757,9 20 21 28 34 35,Jan-18
10006273,9 20 22 23 26 44,Aug-10
10007703,9 20 22 28 35 42,May-08
10012243,9 20 24 26 43 47,Nov-14
10013855,9 20 24 38 44 48,May-93
10014345,9 20 25 27 31 32,Jul-15
10017361,9 20 26 34 44 49,Sep-98
10018853,9 20 27 34 38 46,Mar-97
10028466,9 21 22 29 48 49,Sep-83
10029560,9 21 22 42 44 48,Apr-12
10034598,9 21 25 26 31 41,Feb-17
10034947,9 21 25 27 40 42,Feb-97
10040238,9 21 28 31 34 37,Aug-11
10040941,9 21 28 37 44 49,Nov-08
10041794,9 21 29 34 38 42,Jan-16
10042547,9 21 30 32 39 41,Sep-86
10046905,9 21 39 42 45 49,Aug-00
10050435,9 22 24 27 36 46,Apr-90
10060685,9 22 30 39 42 45,Sep-90
10062972,9 22 34 35 46 47,Nov-12
10071433,9 23 27 31 35 48,Jul-01
10074595,9 23 29 38 39 43,Feb-01
10087022,9 24 29 35 37 40,Feb-10
10102872,9 25 42 43 46 47,Oct-01
10104759,9 26 28 30 37 41,Jul-02
10109351,9 26 32 41 48 49,Feb-99
10112762,9 27 28 36 37 46,Jul-90
10113026,9 27 28 40 45 48,Jun-09
10116512,9 27 32 38 39 49,Mar-04
10119534,9 28 29 32 41 49,Apr-86
10123800,9 28 35 36 48 49,Apr-13
10124113,9 28 36 37 40 46,Jun-16
10130116,9 30 31 33 37 43,Jul-91
10137582,9 32 34 36 43 49,Jun-92
10140264,9 33 36 40 46 47,May-02
10140387,9 33 37 38 42 49,Oct-06
10141963,9 34 38 39 43 44,Jan-85
10144428,9 37 39 45 47 48,Oct-07
10145034,9 39 40 43 46 48,Sep-07
10149117,10 11 12 19 41 48,Mar-00
10150617,10 11 12 24 25 36,Feb-88
10174052,10 11 16 19 28 40,Nov-10
10174744,10 11 16 21 24 38,Sep-07
10180718,10 11 17 24 26 29,Dec-15
10182094,10 11 17 29 38 47,Feb-91
10184367,10 11 18 21 32 42,Apr-05
10191382,10 11 19 34 45 46,Aug-98
10192412,10 11 20 22 31 39,May-98
10193668,10 11 20 26 38 43,Apr-19
10194341,10 11 20 29 43 45,Dec-98
10197386,10 11 21 28 38 44,Feb-17
10200184,10 11 22 28 30 33,Jul-91
10204406,10 11 24 25 30 49,Feb-18
10209900,10 11 26 34 40 44,Dec-02
10214782,10 11 30 33 41 44,Jun-15
10216576,10 11 32 36 45 46,Oct-94
10217217,10 11 33 38 39 45,Jul-98
10218367,10 11 36 38 46 48,Jun-06
10231278,10 12 14 27 34 36,Sep-04
10236062,10 12 15 23 26 44,Jan-10
10240478,10 12 16 20 27 36,Jan-16
10240909,10 12 16 21 29 48,May-05
10241741,10 12 16 23 41 42,Dec-13
10248689,10 12 17 33 36 40,Jun-89
10253696,10 12 18 39 43 49,Jul-90
10264621,10 12 21 38 41 42,Apr-09
10266036,10 12 22 27 31 32,May-93
10268472,10 12 23 26 35 37,Apr-07
10276735,10 12 27 29 34 48,Jul-17
10277092,10 12 27 31 37 42,Apr-98
10279889,10 12 29 33 47 48,Dec-17
10280624,10 12 30 32 34 38,Dec-94
10283658,10 12 34 37 39 41,Sep-97
10291301,10 13 14 34 36 42,Mar-94
10291340,10 13 14 34 39 48,Jun-94
10296746,10 13 15 30 34 44,Nov-11
10298927,10 13 16 19 25 31,Dec-98
10299738,10 13 16 21 26 35,Oct-97
10300598,10 13 16 23 36 44,Feb-18
10311246,10 13 18 28 31 42,Jul-89
10316379,10 13 19 35 39 41,Jan-09
10322753,10 13 21 30 46 48,Jan-19
10327551,10 13 23 27 31 42,Dec-18
10329935,10 13 24 27 37 39,Feb-07
10330241,10 13 24 29 31 32,Oct-14
10335403,10 13 27 28 31 49,Jul-98
10338313,10 13 29 30 37 41,Dec-97
10340413,10 13 31 32 39 46,Jun-94
10340462,10 13 31 33 34 35,Dec-05
10344690,10 14 15 16 40 46,Apr-18
10344876,10 14 15 17 23 25,Oct-98
10348615,10 14 15 27 41 47,Jun-03
10350050,10 14 15 39 43 49,Jan-13
10351243,10 14 16 19 23 36,Mar-00
10353979,10 14 16 27 33 47,Dec-18
10355611,10 14 16 43 44 49,Sep-86
10363402,10 14 18 27 31 48,Feb-14
10365006,10 14 18 40 45 49,Dec-06
10365017,10 14 18 41 42 47,Aug-10
10371335,10 14 20 28 32 40,Oct-02
10375165,10 14 21 31 34 49,Aug-87
10375723,10 14 21 36 37 38,Feb-94
10381532,10 14 23 41 42 47,Apr-16
10385107,10 14 25 31 44 47,Feb-83
10394940,10 14 34 37 40 49,Oct-90
10401209,10 15 16 32 33 41,Aug-00
10402960,10 15 17 20 22 37,Oct-94
10403165,10 15 17 20 31 44,Jul-00
10419640,10 15 21 23 28 37,Feb-05
10423123,10 15 22 25 27 40,Apr-91
10423212,10 15 22 25 32 34,Sep-98
10427778,10 15 23 38 40 41,Jun-18
10429045,10 15 24 29 35 38,Oct-10
10431361,10 15 25 31 33 35,Nov-97
10437109,10 15 29 30 44 45,Feb-11
10437298,10 15 29 32 34 40,Sep-11
10441889,10 15 35 42 44 47,Jan-11
10445218,10 16 17 23 36 48,Nov-96
10447404,10 16 17 34 40 47,Jan-05
10458229,10 16 20 26 34 48,Feb-11
10462183,10 16 21 29 38 45,Jul-05
10462433,10 16 21 31 33 36,Nov-12
10468696,10 16 23 38 39 48,Apr-19
10474475,10 16 26 34 37 43,Jul-90
10477629,10 16 28 37 42 47,Feb-98
10480454,10 16 31 36 38 47,Jan-15
10480761,10 16 31 42 47 49,Dec-89
10481028,10 16 32 35 36 42,Feb-90
10488081,10 17 18 37 39 43,Nov-87
10489522,10 17 19 23 25 35,Feb-99
10491504,10 17 19 31 35 48,Jul-94
10493632,10 17 20 24 33 35,Jan-17
10499244,10 17 21 40 44 45,Aug-05
10500387,10 17 22 26 34 45,Dec-90
10503550,10 17 23 29 30 43,Sep-91
10505681,10 17 24 28 31 46,Aug-14
10505733,10 17 24 28 35 36,Mar-17
10506638,10 17 24 34 37 41,Jun-87
10523641,10 18 19 37 43 48,Nov-04
10527316,10 18 20 38 39 44,Oct-20
10529564,10 18 21 29 35 37,Oct-18
10531845,10 18 22 26 34 38,Aug-08
10534527,10 18 23 26 41 43,Jul-04
10537940,10 18 24 32 44 47,May-89
10542615,10 18 27 28 42 48,Feb-88
10554483,10 19 20 35 36 38,Apr-06
10554511,10 19 20 35 38 43,Nov-92
10561306,10 19 23 24 33 38,Mar-10
10564977,10 19 24 30 35 49,Jun-19
10565174,10 19 24 31 39 47,Apr-88
10567170,10 19 25 31 37 40,Jul-07
10570099,10 19 27 29 33 36,Sep-01
10573102,10 19 29 32 38 44,Jul-09
10586548,10 20 23 31 33 45,Oct-14
10589040,10 20 24 32 37 47,Oct-10
10591743,10 20 25 41 44 46,Jun-07
10593192,10 20 26 35 42 43,Apr-94
10596128,10 20 28 36 40 46,Jul-08
10598364,10 20 30 38 41 44,Apr-13
10603607,10 21 22 27 28 43,Dec-94
10604974,10 21 22 35 42 45,Jul-94
10606470,10 21 23 28 31 39,Jul-02
10608194,10 21 24 25 39 49,Oct-86
10621322,10 21 34 37 45 49,Apr-15
10621600,10 21 35 36 42 44,May-91
10621956,10 21 36 37 42 48,Sep-15
10646465,10 23 26 40 45 46,Apr-17
10649244,10 23 28 38 43 45,Nov-97
10654339,10 23 35 41 43 47,Aug-00
10655038,10 23 38 42 44 49,Apr-96
10656431,10 24 25 30 40 48,Sep-01
10658201,10 24 26 30 40 47,Jan-94
10661460,10 24 28 33 38 46,Jul-87
10666946,10 24 35 40 41 45,Feb-07
10669666,10 25 26 38 46 49,Oct-03
10672983,10 25 29 31 39 49,Jan-89
10679834,10 26 27 35 41 46,Sep-93
10681130,10 26 28 35 38 39,Jul-98
10684150,10 26 31 36 39 46,Jul-87
10686942,10 26 37 40 42 47,Sep-04
10690344,10 27 30 33 36 48,Sep-88
10692838,10 27 33 38 40 49,Jul-07
10694033,10 27 36 40 42 43,Sep-08
10696707,10 28 30 37 40 44,Apr-89
10697282,10 28 31 34 39 47,Mar-88
10698226,10 28 32 37 43 46,Jun-14
10700352,10 28 38 39 40 43,Jul-19
10704284,10 29 34 42 46 47,Apr-00
10706121,10 30 31 35 43 44,Mar-00
10709059,10 30 37 44 47 49,Sep-98
10709467,10 30 41 43 45 47,Sep-06
10709823,10 31 32 35 38 46,Mar-95
10713737,10 32 35 37 39 47,Feb-95
10714501,10 32 37 45 46 47,Oct-18
10721741,11 12 13 14 39 47,Apr-96
10722873,11 12 13 16 46 48,Mar-08
10733232,11 12 14 27 34 48,Jun-06
10741993,11 12 16 19 26 37,Dec-98
10745117,11 12 16 29 38 43,Jul-13
10752035,11 12 18 20 36 43,Jan-93
10752314,11 12 18 21 30 37,Jun-09
10757320,11 12 19 24 28 46,Mar-18
10757614,11 12 19 25 29 44,Feb-83
10759296,11 12 19 34 36 45,May-00
10760162,11 12 20 21 39 45,May-96
10769397,11 12 22 36 46 47,Dec-18
10770968,11 12 23 29 30 40,Apr-05
10776638,11 12 26 27 29 34,Dec-89
10778619,11 12 27 29 31 38,Sep-93
10780238,11 12 28 30 39 48,Feb-90
10781616,11 12 29 32 35 43,Dec-08
10781815,11 12 29 33 43 46,Feb-87
10790114,11 13 14 20 43 49,Feb-17
10791446,11 13 14 24 40 48,Mar-88
10793993,11 13 15 16 24 31,Feb-83
10799799,11 13 16 17 19 20,Dec-92
10805278,11 13 17 18 20 45,Sep-10
10806523,11 13 17 20 45 49,Sep-87
10806892,11 13 17 21 43 49,May-11
10810704,11 13 18 20 24 29,Apr-04
10811822,11 13 18 23 26 46,Dec-18
10814065,11 13 18 33 39 41,Oct-94
10821147,11 13 20 29 34 49,Mar-94
10832124,11 13 24 28 40 46,Oct-19
10835030,11 13 25 34 41 45,Apr-15
10835872,11 13 26 28 36 41,Jun-91
10836498,11 13 26 32 34 44,Oct-08
10846454,11 14 15 16 28 42,Apr-97
10848663,11 14 15 21 30 32,Sep-96
10850041,11 14 15 25 38 42,Jul-90
10850832,11 14 15 29 31 47,Apr-06
10852165,11 14 16 17 19 26,Apr-99
10853510,11 14 16 19 44 46,Nov-93
10854161,11 14 16 21 32 39,Aug-99
10865320,11 14 18 27 30 42,May-00
10866131,11 14 18 31 35 49,Jul-83
10867064,11 14 19 20 21 47,Aug-11
10872562,11 14 20 25 31 36,Jun-06
10875446,11 14 21 24 25 43,May-13
10886535,11 14 25 28 44 47,Feb-90
10893072,11 14 29 33 42 44,Jul-06
10894813,11 14 31 33 37 45,May-07
10897027,11 14 34 40 42 43,May-06
10897685,11 14 36 40 43 45,Nov-05
10898140,11 14 38 43 44 46,Jan-92
10898837,11 15 16 17 31 40,Oct-12
10900788,11 15 16 22 27 34,Oct-92
10901777,11 15 16 25 31 44,Nov-97
10904713,11 15 17 19 32 39,Aug-03
10912833,11 15 18 33 42 49,Mar-06
10915335,11 15 19 25 34 39,Feb-13
10915897,11 15 19 27 40 48,Jul-00
10929370,11 15 23 34 35 36,Oct-05
10931091,11 15 24 30 31 33,Dec-00
10934054,11 15 25 38 41 43,Mar-83
10935428,11 15 26 33 40 49,Feb-86
10936592,11 15 27 30 46 49,Jan-94
10937424,11 15 27 39 43 44,Apr-97
10939110,11 15 29 31 34 46,Jun-00
10942032,11 15 32 34 44 47,Apr-19
10946622,11 16 17 22 25 33,Dec-18
10946722,11 16 17 22 29 47,Dec-18
10949870,11 16 18 19 21 23,Jun-05
10952767,11 16 18 27 42 43,Apr-96
10953655,11 16 18 33 34 35,Mar-14
10960020,11 16 20 25 46 48,Apr-01
10966108,11 16 22 25 34 37,Mar-87
10974746,11 16 25 35 38 41,Aug-11
10984575,11 16 35 37 46 49,May-94
10988024,11 17 18 25 27 34,Jan-09
10988808,11 17 18 28 31 46,Sep-07
10990616,11 17 19 20 36 43,Aug-82
10997058,11 17 20 31 33 35,Jan-89
11002422,11 17 22 26 43 48,Feb-02
11003196,11 17 22 30 40 41,Oct-93
11004852,11 17 23 26 30 34,Jan-86
11011297,11 17 26 27 37 48,Nov-16
11012047,11 17 26 31 40 44,Oct-03
11012084,11 17 26 31 46 48,Feb-05
11012937,11 17 27 28 30 43,May-20
11013719,11 17 27 32 39 49,May-07
11014546,11 17 28 29 36 39,Sep-20
11015346,11 17 28 35 38 40,Mar-90
11016389,11 17 29 34 37 45,May-01
11016765,11 17 29 39 41 48,May-03
11020146,11 17 34 37 41 49,Feb-09
11020576,11 17 35 38 43 47,Dec-04
11027348,11 18 20 25 35 39,Apr-93
11027885,11 18 20 27 39 46,Apr-01
11034173,11 18 22 28 30 49,Dec-08
11034241,11 18 22 28 35 37,Dec-82
11037713,11 18 23 33 47 49,Mar-89
11041158,11 18 25 28 34 44,Feb-00
11043808,11 18 26 33 47 49,Jun-91
11044623,11 18 27 29 32 39,Jun-10
11045277,11 18 27 33 37 43,Nov-17
11052792,11 18 38 40 43 46,Jul-15
11056535,11 19 20 36 38 47,Sep-93
11060448,11 19 22 23 41 46,Apr-17
11068150,11 19 25 26 36 45,Nov-85
11069038,11 19 25 31 32 36,Jan-83
11071803,11 19 27 28 30 39,Apr-13
11075211,11 19 29 33 44 46,Sep-08
11076130,11 19 30 33 38 41,Jul-14
11078391,11 19 33 35 39 40,Oct-05
11079855,11 19 36 41 46 49,Jul-06
11082083,11 20 21 26 39 43,Jul-96
11088060,11 20 23 28 40 45,Mar-12
11092669,11 20 25 30 34 38,Aug-89
11094794,11 20 26 32 39 43,Aug-16
11102029,11 20 33 34 37 39,Feb-09
11112467,11 21 25 27 28 37,May-97
11116351,11 21 27 29 39 45,Mar-00
11123629,11 21 35 37 46 47,Jul-12
11128790,11 22 24 31 32 36,Apr-99
11129490,11 22 24 37 39 49,Jan-91
11131198,11 22 25 33 42 49,Oct-92
11133155,11 22 26 35 41 46,Jul-03
11138629,11 22 31 32 40 49,Aug-09
11141454,11 22 36 37 43 48,Dec-12
11145196,11 23 25 28 29 36,Oct-82
11151531,11 23 29 30 44 49,Aug-90
11152555,11 23 30 31 34 46,Dec-92
11153064,11 23 30 35 39 43,Jan-20
11157338,11 23 43 46 47 49,Sep-85
11163931,11 24 28 40 46 47,Mar-97
11168996,11 24 35 45 46 48,Aug-88
11169720,11 24 39 41 43 45,Apr-90
11169830,11 24 40 42 44 45,Apr-94
11173380,11 25 28 29 33 43,Dec-93
11178404,11 25 33 35 40 42,Oct-17
11178437,11 25 33 35 44 49,Apr-15
11183069,11 26 28 35 37 47,Jul-20
11191286,11 27 29 33 34 44,Mar-09
11196724,11 27 41 45 46 49,Sep-03
11197422,11 28 29 34 38 40,Nov-97
11200707,11 28 33 37 40 46,Aug-02
11206333,11 29 35 36 44 48,Jan-06
11208646,11 30 32 34 42 44,May-92
11217351,11 33 34 42 43 48,Nov-08
11218179,11 33 37 40 45 46,Aug-00
11228966,12 13 14 32 41 43,Feb-01
11234847,12 13 15 31 47 49,May-10
11234942,12 13 15 32 40 43,Feb-06
11235235,12 13 15 35 38 39,Aug-84
11235382,12 13 15 37 38 42,Mar-94
11235416,12 13 15 37 41 49,Aug-98
11237143,12 13 16 20 24 26,Oct-02
11238470,12 13 16 23 39 44,May-18
11239966,12 13 16 29 44 45,Jun-94
11240655,12 13 16 34 44 49,Aug-97
11243101,12 13 17 22 39 40,Aug-20
11244290,12 13 17 26 43 45,Jun-04
11245587,12 13 17 34 40 47,Oct-07
11246436,12 13 18 19 36 48,Sep-95
11247498,12 13 18 22 32 33,Dec-87
11250583,12 13 19 20 21 29,Mar-06
11250929,12 13 19 20 39 42,Jul-89
11262649,12 13 22 26 37 45,Oct-06
11270371,12 13 25 30 37 41,Jun-10
11274036,12 13 27 32 45 46,Sep-09
11277338,12 13 30 31 44 49,Nov-02
11278102,12 13 30 41 45 49,Jul-17
11280197,12 13 33 43 46 49,May-10
11286264,12 14 15 27 28 39,Dec-02
11290576,12 14 16 23 24 45,Aug-01
11293417,12 14 16 41 45 48,May-96
11294819,12 14 17 21 23 29,May-88
11305181,12 14 19 26 40 42,Nov-92
11307322,12 14 20 21 39 43,Sep-96
11308032,12 14 20 23 43 47,Mar-02
11310028,12 14 20 33 38 43,Jul-88
11331921,12 14 32 40 43 49,Feb-93
11337630,12 15 16 25 29 37,Feb-87
11341247,12 15 17 21 25 32,Sep-15
11343425,12 15 17 28 38 43,Feb-91
11343999,12 15 17 31 47 49,Jul-17
11346408,12 15 18 23 24 46,Jun-02
11347080,12 15 18 25 29 32,Nov-09
11348048,12 15 18 29 33 46,Aug-11
11351077,12 15 19 25 26 32,May-95
11353294,12 15 19 41 42 49,Dec-09
11357664,12 15 21 23 40 48,Mar-15
11365523,12 15 23 36 43 47,Nov-11
11369629,12 15 25 34 37 49,Nov-93
11374954,12 15 29 30 45 47,Oct-01
11376733,12 15 30 38 47 48,Nov-04
11378440,12 15 33 34 38 43,Apr-11
11393590,12 16 19 32 42 49,Aug-08
11393806,12 16 19 34 41 47,Dec-11
11394756,12 16 20 22 26 38,Mar-97
11395265,12 16 20 23 36 47,Jul-97
11396154,12 16 20 26 43 44,Jul-99
11396370,12 16 20 27 41 42,Jan-87
11396385,12 16 20 27 43 44,Jun-98
11396725,12 16 20 29 36 47,Aug-03
11402906,12 16 22 29 35 40,Dec-15
11409081,12 16 25 26 28 41,Mar-97
11413964,12 16 27 35 39 41,Feb-05
11419305,12 16 32 44 47 49,Apr-00
11427085,12 17 19 22 27 39,Apr-18
11427304,12 17 19 22 42 48,Sep-95
11427342,12 17 19 23 24 40,Mar-96
11434521,12 17 21 23 38 44,Aug-98
11442016,12 17 23 32 44 49,Oct-95
11445239,12 17 25 26 43 44,Mar-04
11445915,12 17 25 30 32 39,Mar-18
11447012,12 17 25 44 45 47,Jan-00
11452409,12 17 29 35 40 47,Apr-19
11455344,12 17 33 34 40 48,May-93
11461325,12 18 19 35 42 43,Jul-08
11470915,12 18 22 33 35 44,Jan-90
11480507,12 18 27 29 31 43,Jun-93
11491778,12 19 20 30 41 49,Apr-18
11494540,12 19 21 28 30 39,Aug-93
11496173,12 19 22 23 29 36,Mar-84
11496946,12 19 22 25 45 49,May-19
11498516,12 19 22 34 46 47,Mar-07
11498651,12 19 22 36 40 46,Apr-10
11499081,12 19 23 24 29 44,May-05
11499471,12 19 23 25 36 46,Oct-08
11509695,12 19 28 31 41 47,Nov-92
11510000,12 19 28 34 36 41,Jun-12
11513640,12 19 32 34 39 43,Mar-01
11514379,12 19 33 36 40 44,May-00
11521313,12 20 22 28 36 43,Apr-90
11543444,12 21 23 24 38 46,May-13
11543924,12 21 23 26 34 47,Oct-02
11544862,12 21 23 31 33 45,Apr-93
11549123,12 21 25 30 41 43,Jan-10
11549664,12 21 25 34 45 48,Jan-93
11551662,12 21 26 37 43 49,Sep-03
11554247,12 21 28 34 38 39,Nov-90
11554505,12 21 28 37 40 43,Jan-15
11558811,12 21 33 39 47 49,Nov-00
11565381,12 22 24 37 39 43,Oct-20
11566576,12 22 25 30 33 38,Jul-05
11566932,12 22 25 32 38 40,May-89
11567167,12 22 25 34 39 40,Jun-03
11572644,12 22 29 32 33 36,Mar-92
11574469,12 22 31 32 35 47,Jun-12
11579777,12 23 24 31 45 46,Nov-00
11594084,12 24 25 29 39 42,Feb-99
11594104,12 24 25 29 41 45,Apr-08
11599364,12 24 28 34 35 42,Jul-94
11603189,12 24 32 36 39 47,Apr-04
11603747,12 24 33 36 39 45,Oct-07
11604858,12 24 35 42 45 47,Jun-90
11615550,12 25 36 37 40 42,Oct-91
11615668,12 25 36 39 42 45,Jan-18
11615955,12 25 37 41 42 48,Dec-87
11618458,12 26 28 31 33 45,Sep-11
11635083,12 28 31 34 36 42,May-02
11636281,12 28 32 43 47 48,Aug-96
11639317,12 29 30 36 39 45,May-11
11639561,12 29 30 40 45 48,Dec-17
11642152,12 29 34 44 47 49,Apr-16
11643197,12 29 38 46 48 49,Jan-99
11645823,12 30 34 38 39 43,Nov-08
11646432,12 30 36 37 40 48,Nov-11
11647276,12 30 40 46 47 49,Jan-92
11649526,12 31 36 37 46 49,Nov-19
11651488,12 32 35 36 37 46,Jul-09
11652736,12 32 41 42 46 49,Nov-94
11656281,12 35 36 43 44 45,Jan-06
11659833,13 14 15 17 28 36,Jul-10
11664644,13 14 15 35 45 47,May-20
11669030,13 14 16 28 34 42,Jul-10
11671724,13 14 17 20 39 40,Dec-03
11677005,13 14 18 23 24 27,Sep-97
11680141,13 14 19 20 29 47,Jun-90
11688467,13 14 21 24 32 35,Oct-12
11697889,13 14 24 31 40 48,Aug-09
11703197,13 14 27 31 38 40,Jan-94
11704741,13 14 28 33 34 48,Jun-95
11707703,13 14 31 33 37 46,Nov-20
11708187,13 14 31 39 42 45,Nov-16
11712084,13 15 16 18 26 33,Sep-03
11713142,13 15 16 20 39 42,Nov-19
11714484,13 15 16 24 38 40,Jul-90
11719931,13 15 17 26 34 48,May-08
11722301,13 15 18 20 23 26,Feb-10
11722967,13 15 18 21 38 44,Aug-91
11723447,13 15 18 23 26 46,Jul-92
11740895,13 15 23 26 32 33,Nov-93
11741485,13 15 23 28 46 49,Mar-94
11743757,13 15 24 28 41 46,Nov-88
11744640,13 15 24 34 42 47,May-02
11748115,13 15 26 32 34 36,Sep-98
11749086,13 15 27 28 40 48,Jun-84
11749617,13 15 27 31 43 44,Nov-97
11750521,13 15 28 29 33 47,Aug-06
11750872,13 15 28 31 35 45,Sep-98
11758573,13 16 17 19 35 45,Oct-88
11759885,13 16 17 23 27 37,Apr-14
11763795,13 16 18 21 32 33,Jan-04
11765465,13 16 18 27 28 41,Aug-94
11765664,13 16 18 27 43 45,Aug-02
11766664,13 16 18 34 35 36,Oct-82
11768733,13 16 19 24 27 30,May-15
11768862,13 16 19 24 33 48,Jun-85
11771429,13 16 20 21 27 48,Sep-20
11776348,13 16 21 26 35 46,Feb-90
11778175,13 16 21 42 46 49,Jul-06
11783953,13 16 24 25 38 43,Aug-17
11787254,13 16 25 32 33 41,Oct-19
11798504,13 16 40 41 47 48,Mar-87
11801782,13 17 18 28 37 44,Jan-02
11804105,13 17 19 22 28 46,Aug-13
11810945,13 17 21 22 24 46,Oct-86
11813578,13 17 21 33 41 42,Jul-06
11815607,13 17 22 28 31 41,Mar-91
11815876,13 17 22 29 36 45,Jul-12
11823930,13 17 25 40 45 47,Jan-10
11824059,13 17 26 27 29 45,Nov-03
11826474,13 17 27 31 40 42,Dec-96
11832684,13 17 33 39 42 46,Jun-94
11834954,13 18 19 20 35 40,Dec-13
11838350,13 18 19 36 37 43,Jan-19
11844762,13 18 21 31 38 44,May-96
11847357,13 18 22 29 37 49,Jan-08
11873794,13 19 22 25 32 35,May-19
11874743,13 19 22 29 36 42,Aug-18
11877952,13 19 23 33 38 48,Jun-09
11878478,13 19 23 40 45 49,May-00
11887584,13 19 29 30 33 49,Sep-10
11893434,13 19 41 44 46 48,Aug-90
11898427,13 20 22 29 32 33,Dec-11
11898988,13 20 22 32 39 43,Apr-99
11901493,13 20 23 31 44 49,Oct-99
11901806,13 20 23 34 38 46,Dec-13
11906711,13 20 26 27 31 39,Jun-14
11908623,13 20 27 28 47 49,Jul-14
11913905,13 20 31 36 43 46,Feb-07
11918323,13 21 22 26 35 40,Sep-13
11921029,13 21 23 27 28 34,Mar-07
11927855,13 21 26 30 38 39,Jul-19
11929399,13 21 27 30 38 43,Aug-95
11930426,13 21 27 46 47 48,Oct-91
11933630,13 21 30 37 43 46,Mar-89
11936652,13 21 35 40 45 48,Feb-20
11939433,13 22 23 31 35 45,Sep-13
11942118,13 22 24 34 37 44,Aug-89
11946352,13 22 26 40 46 49,Aug-90
11949886,13 22 29 33 46 49,May-08
11951448,13 22 31 32 34 48,Sep-06
11959673,13 23 26 27 30 44,May-97
11962781,13 23 27 39 41 49,Sep-97
11963327,13 23 28 31 34 38,May-14
11965274,13 23 29 39 46 47,Jul-92
11969729,13 23 37 43 48 49,Oct-83
11971109,13 24 25 29 43 45,Jul-14
11974759,13 24 27 31 46 48,Feb-96
11976448,13 24 28 34 45 49,Mar-14
11977111,13 24 29 31 33 47,Oct-16
11978271,13 24 30 32 37 48,Feb-10
11978945,13 24 30 41 43 47,Nov-04
11991789,13 25 34 35 47 48,Apr-08
11993083,13 25 38 40 42 47,Apr-90
11994890,13 26 27 38 46 47,Mar-84
11998316,13 26 30 38 43 46,Sep-96
12000548,13 26 33 45 46 49,Nov-87
12008512,13 27 35 38 44 47,Apr-84
12017101,13 29 31 36 37 42,Aug-04
12021432,13 30 32 33 42 46,Sep-04
12023573,13 30 36 40 42 46,Aug-15
12023755,13 30 37 39 42 44,Jul-93
12024985,13 31 32 40 45 48,Mar-97
12028629,13 32 35 38 40 44,Jul-95
12028711,13 32 35 39 46 48,Sep-10
12035926,13 41 42 45 46 49,Dec-00
12040518,14 15 16 31 32 39,Feb-87
12041447,14 15 16 43 44 46,Jul-16
12057204,14 15 20 28 34 39,Jan-09
12069455,14 15 24 36 45 46,Nov-91
12071059,14 15 25 32 41 42,Sep-11
12072992,14 15 26 34 35 42,Feb-92
12075900,14 15 28 34 38 44,May-18
12079816,14 15 32 38 40 46,Dec-96
12081210,14 15 35 38 42 46,Oct-19
12087681,14 16 18 19 34 40,Dec-00
12087946,14 16 18 20 26 47,Apr-12
12090548,14 16 18 29 31 35,Apr-87
12107036,14 16 23 28 46 48,Sep-15
12110592,14 16 24 41 42 48,Feb-15
12111382,14 16 25 29 30 48,Feb-19
12112566,14 16 25 39 45 47,Sep-16
12119722,14 16 31 34 36 44,May-99
12121893,14 16 34 41 45 49,Feb-10
12128556,14 17 19 21 40 42,Jan-10
12136540,14 17 21 25 27 39,May-92
12137196,14 17 21 27 37 46,May-12
12140972,14 17 22 32 36 49,Oct-01
12151907,14 17 27 41 47 48,Nov-07
12156985,14 17 33 34 43 44,Jan-13
12170438,14 18 22 23 31 45,May-03
12172656,14 18 22 34 36 43,Nov-11
12180960,14 18 26 31 34 40,Aug-94
12181742,14 18 26 39 41 49,Aug-87
12189545,14 18 35 38 41 43,Feb-16
12190802,14 19 20 21 24 28,Jun-01
12192819,14 19 20 27 40 45,Apr-91
12195545,14 19 21 25 34 48,Oct-96
12198207,14 19 22 24 35 47,Jul-97
12202269,14 19 23 31 34 39,May-09
12210149,14 19 27 32 45 49,Oct-09
12216513,14 19 34 37 39 42,Mar-09
12222484,14 20 22 26 35 44,Nov-86
12224280,14 20 22 41 43 49,Aug-02
12228165,14 20 24 30 34 37,Feb-09
12230623,14 20 25 33 35 48,Jul-89
12231242,14 20 25 43 44 46,Aug-90
12235090,14 20 28 31 44 49,Aug-13
12237500,14 20 30 34 37 45,May-11
12239113,14 20 32 35 40 41,Jun-91
12250330,14 21 25 28 36 37,May-92
12252867,14 21 26 33 35 46,Jul-03
12254284,14 21 27 32 35 43,Sep-18
12254529,14 21 27 34 37 38,Jan-13
12260915,14 21 34 40 44 47,Jan-89
12264281,14 22 23 32 43 49,Jul-05
12268320,14 22 25 30 44 48,Apr-07
12270879,14 22 26 38 42 43,Nov-95
12271893,14 22 27 32 40 47,Aug-01
12274795,14 22 29 36 48 49,Jun-20
12276631,14 22 31 37 43 49,Aug-15
12283147,14 23 25 30 33 35,Dec-86
12283303,14 23 25 31 33 38,Dec-14
12289620,14 23 29 35 39 47,Sep-90
12291163,14 23 31 33 35 47,Mar-85
12297500,14 24 26 29 41 46,Feb-08
12299873,14 24 27 36 39 42,Oct-11
12304035,14 24 31 35 37 48,Jun-18
12308654,14 25 26 33 36 44,Jan-01
12314794,14 25 31 36 44 47,Jul-11
12317033,14 25 35 40 41 43,Aug-86
12321499,14 26 29 33 35 37,Jun-89
12327359,14 27 28 30 45 46,Mar-16
12331089,14 27 31 38 45 47,Nov-98
12332778,14 27 34 38 44 45,Dec-01
12344601,14 29 37 41 48 49,Apr-16
12353467,14 32 35 47 48 49,Mar-99
12358145,14 35 37 44 46 48,May-04
12358503,14 35 40 43 46 47,Sep-92
12364161,15 16 17 28 33 44,Jan-15
12372468,15 16 19 27 31 39,Oct-96
12373101,15 16 19 30 35 39,Feb-95
12375254,15 16 20 24 26 31,Nov-16
12383190,15 16 22 31 43 44,Feb-09
12383355,15 16 22 33 34 43,Nov-99
12383392,15 16 22 33 37 41,Jul-17
12386430,15 16 23 38 41 46,Oct-99
12395736,15 16 29 30 42 44,Sep-15
12399787,15 16 34 35 38 44,Jun-19
12401094,15 16 38 39 41 45,Aug-98
12401901,15 17 18 19 34 44,Dec-14
12406375,15 17 19 20 35 38,Nov-04
12407289,15 17 19 23 27 38,Sep-11
12410497,15 17 20 21 44 47,Sep-04
12414117,15 17 21 22 43 45,Feb-01
12414671,15 17 21 24 36 37,May-18
12422996,15 17 24 26 34 35,Sep-05
12423323,15 17 24 27 42 47,Oct-16
12425585,15 17 25 29 30 35,Feb-15
12426565,15 17 25 36 38 45,Jan-03
12435102,15 17 32 42 43 45,Jul-00
12438006,15 18 19 21 24 35,Jul-08
12442789,15 18 20 24 31 41,Sep-00
12450620,15 18 22 31 43 49,May-06
12454831,15 18 24 28 29 49,Mar-13
12459498,15 18 26 33 36 39,Apr-12
12459672,15 18 26 34 43 45,May-20
12461671,15 18 27 44 46 47,Jan-87
12463119,15 18 29 30 37 47,Dec-92
12481276,15 19 23 38 43 49,Aug-09
12487929,15 19 27 29 42 48,Oct-99
12489643,15 19 28 32 35 42,Jun-88
12491597,15 19 30 31 34 37,Jun-10
12496490,15 20 21 22 26 35,Nov-98
12500344,15 20 22 25 27 41,Jul-12
12503621,15 20 23 27 39 48,Dec-16
12512325,15 20 27 34 38 42,Jul-20
12514964,15 20 29 36 38 42,Nov-12
12517619,15 20 32 39 40 47,Sep-05
12518068,15 20 33 37 39 45,Oct-06
12519219,15 20 36 37 46 49,Sep-00
12519222,15 20 36 37 48 49,Sep-94
12521693,15 21 22 28 38 45,Jun-14
12523700,15 21 23 26 28 48,Sep-12
12526419,15 21 24 27 42 47,Feb-90
12527093,15 21 24 31 37 42,Nov-17
12537177,15 21 31 35 41 46,Nov-05
12537276,15 21 31 36 44 49,Apr-03
12537708,15 21 32 34 36 38,Mar-99
12545758,15 22 25 26 42 43,Mar-14
12551033,15 22 28 29 42 46,Mar-86
12553876,15 22 30 35 37 49,Dec-87
12558973,15 23 24 28 30 41,Feb-03
12564966,15 23 27 31 41 42,Jul-93
12567020,15 23 28 39 45 48,Mar-98
12571961,15 23 35 38 46 47,Sep-87
12572672,15 23 38 39 44 49,May-02
12572690,15 23 38 40 41 49,Sep-06
12572825,15 23 39 40 44 46,Sep-97
12577682,15 24 27 32 34 49,Jan-84
12584987,15 24 36 41 42 46,Jan-90
12586936,15 25 26 33 38 47,Jul-16
12589645,15 25 28 32 35 42,Nov-11
12599958,15 26 29 34 46 47,Apr-87
12600358,15 26 29 41 46 48,Jul-01
12607775,15 27 30 31 34 43,Aug-92
12611399,15 27 35 38 44 46,Apr-02
12617080,15 28 34 40 41 43,Sep-14
12632296,15 32 38 40 44 45,Oct-18
12638431,15 38 43 45 48 49,Nov-91
12640581,16 17 18 23 28 33,Dec-05
12644500,16 17 19 22 40 43,Jul-13
12645744,16 17 19 27 30 37,Apr-01
12646689,16 17 19 32 35 42,Apr-95
12653536,16 17 21 31 39 49,Nov-17
12653873,16 17 21 34 37 46,Mar-17
12658207,16 17 23 27 30 45,May-09
12658452,16 17 23 28 32 45,Jan-88
12658577,16 17 23 28 43 49,Mar-91
12659509,16 17 23 35 39 45,Jun-93
12673838,16 17 35 43 44 46,Mar-18
12674225,16 17 37 39 41 45,Mar-15
12676180,16 18 19 23 32 33,Jul-96
12678926,16 18 19 45 47 48,Dec-19
12680738,16 18 20 26 37 38,May-91
12681474,16 18 20 30 32 42,Aug-95
12682704,16 18 21 22 27 47,Feb-95
12682785,16 18 21 22 32 33,Mar-03
12683146,16 18 21 23 34 38,May-87
12684238,16 18 21 27 36 43,Apr-08
12685572,16 18 21 36 46 48,Jun-10
12695737,16 18 26 27 29 34,Apr-92
12697484,16 18 27 28 29 31,Feb-92
12700646,16 18 29 31 41 47,Jul-95
12707869,16 19 20 25 35 42,Aug-93
12711148,16 19 21 25 35 45,Dec-05
12712744,16 19 21 34 37 47,Nov-20
12714756,16 19 22 28 34 48,Mar-19
12715041,16 19 22 29 44 48,Jul-83
12715662,16 19 22 34 37 40,Aug-97
12717694,16 19 23 30 33 40,Jun-17
12719786,16 19 24 29 31 36,Nov-19
12722379,16 19 25 32 38 47,Dec-90
12725444,16 19 27 30 44 45,Dec-84
12728444,16 19 29 35 36 38,Aug-01
12739085,16 20 22 31 40 43,Jul-92
12744203,16 20 24 33 36 47,Feb-20
12747767,16 20 26 31 38 49,Dec-09
12748126,16 20 26 34 38 47,Nov-85
12765514,16 21 25 26 38 47,Aug-92
12766903,16 21 25 35 37 40,Dec-86
12767774,16 21 26 28 45 46,Apr-11
12774518,16 21 31 35 42 44,Jul-00
12774805,16 21 31 40 43 45,Dec-07
12784286,16 22 25 33 39 48,Jan-10
12786978,16 22 27 29 36 42,Mar-98
12788242,16 22 28 29 32 34,Oct-17
12792152,16 22 31 36 43 44,Jul-20
12804284,16 23 28 38 41 43,Aug-17
12808269,16 23 33 35 43 49,Oct-04
12808362,16 23 33 36 48 49,May-14
12810753,16 24 25 27 29 40,Jul-93
12811021,16 24 25 28 32 44,Apr-84
12812192,16 24 25 36 44 45,Jul-86
12812674,16 24 26 27 39 45,Apr-91
12813242,16 24 26 30 39 42,Dec-04
12815783,16 24 27 43 48 49,Aug-20
12826572,16 25 28 29 39 47,Sep-19
12828673,16 25 29 37 45 49,Feb-09
12829699,16 25 30 38 46 48,May-91
12838148,16 26 30 33 43 49,May-91
12839837,16 26 32 35 43 46,Oct-85
12845872,16 27 30 38 47 49,Dec-16
12855808,16 28 41 43 47 49,Jul-15
12856728,16 29 30 39 43 44,Dec-87
12859014,16 29 34 35 47 49,Jun-19
12859291,16 29 34 40 46 48,Feb-02
12863777,16 30 36 39 45 47,Apr-04
12867195,16 31 38 39 41 42,Jan-93
12867513,16 31 40 42 45 49,Nov-88
12875860,16 39 40 44 48 49,May-96
12879987,17 18 19 36 41 42,Dec-98
12880748,17 18 20 22 25 36,Sep-07
12882663,17 18 20 29 31 43,Dec-91
12883798,17 18 20 39 40 41,Aug-93
12883984,17 18 21 22 23 45,Feb-90
12886953,17 18 21 37 38 39,Sep-90
12891995,17 18 23 32 36 39,Apr-86
12896250,17 18 25 31 42 49,Sep-11
12904830,17 18 32 34 39 46,Oct-90
12906276,17 18 34 41 43 48,Mar-95
12907992,17 19 20 21 35 41,Feb-94
12910510,17 19 20 31 40 44,Aug-90
12913624,17 19 21 30 39 44,Dec-15
12913975,17 19 21 33 34 46,Feb-11
12917647,17 19 23 24 28 38,Aug-04
12926750,17 19 27 30 36 43,Mar-85
12928684,17 19 28 35 36 42,Dec-91
12940899,17 20 22 35 38 48,Aug-12
12941062,17 20 22 37 40 48,Apr-09
12942299,17 20 23 27 36 47,Aug-88
12942912,17 20 23 30 40 47,Jun-03
12944728,17 20 24 28 31 41,Feb-06
12952386,17 20 28 34 40 42,Apr-99
12955599,17 20 31 38 39 49,Jan-88
12956610,17 20 33 35 37 40,Mar-08
12958053,17 20 36 40 43 47,Oct-90
12959723,17 21 22 25 39 47,Dec-85
12966826,17 21 25 26 33 48,Jun-97
12971809,17 21 27 37 48 49,Oct-14
12998535,17 23 24 33 35 41,Mar-06
12999068,17 23 24 39 45 49,Oct-97
12999103,17 23 24 40 45 48,Apr-11
13007682,17 23 30 36 48 49,Jul-99
13008866,17 23 32 33 40 47,Jun-93
13014008,17 24 26 27 35 49,Jun-17
13017867,17 24 28 33 36 45,Dec-19
13026687,17 25 27 30 32 36,May-95
13029192,17 25 29 30 34 40,Jul-97
13034953,17 25 40 42 45 49,Jan-01
13035210,17 26 27 28 33 49,Nov-09
13039628,17 26 30 34 43 48,Mar-02
13043128,17 26 36 39 44 47,Aug-99
13059657,17 29 32 41 42 43,Aug-87
13060274,17 29 33 43 45 49,Apr-07
13061282,17 29 36 39 46 49,Jan-14
13064134,17 30 33 42 45 48,Jul-94
13065429,17 30 37 41 43 48,Jan-01
13068170,17 31 36 38 45 49,Feb-96
13071641,17 33 34 37 41 47,Jan-91
13072803,17 33 38 39 46 49,Apr-88
13074338,17 34 39 41 43 47,Oct-91
13078500,18 19 20 23 30 42,Oct-94
13085535,18 19 22 26 30 47,May-17
13086481,18 19 22 30 41 48,May-19
13087158,18 19 22 36 41 42,May-89
13088815,18 19 23 29 33 45,Apr-05
13099271,18 19 29 31 35 43,May-95
13099586,18 19 29 33 40 47,Jun-03
13100085,18 19 29 40 43 49,Aug-00
13103113,18 19 33 40 44 47,May-12
13105193,18 20 21 22 30 33,Feb-18
13107228,18 20 21 30 34 46,Apr-95
13111939,18 20 23 26 33 49,Nov-83
13120667,18 20 27 32 34 36,Apr-02
13120959,18 20 27 34 39 43,Oct-99
13131787,18 21 23 24 28 41,Aug-94
13135688,18 21 24 31 35 39,Jun-94
13136721,18 21 25 26 32 48,Oct-01
13138092,18 21 25 34 36 45,Oct-01
13145223,18 21 30 39 40 49,Apr-88
13148476,18 21 36 41 45 47,Aug-17
13152619,18 22 24 28 29 33,Sep-17
13153170,18 22 24 30 43 48,Oct-13
13155833,18 22 25 36 38 44,Dec-19
13156707,18 22 26 29 35 37,Jan-03
13166005,18 22 36 40 47 49,Apr-18
13166911,18 23 24 25 31 32,Jun-89
13169351,18 23 25 26 45 48,Apr-12
13174425,18 23 27 44 46 47,Jun-11
13176712,18 23 29 38 41 44,Jan-91
13178889,18 23 32 34 41 46,Jun-06
13191668,18 24 32 36 37 44,Oct-17
13195248,18 25 26 31 34 42,Aug-96
13196114,18 25 26 41 45 49,Apr-13
13196347,18 25 27 28 40 46,Apr-87
13198401,18 25 28 33 36 42,Jul-82
13199138,18 25 29 30 36 48,Nov-17
13199396,18 25 29 32 34 44,Apr-89
13203106,18 25 33 40 42 49,Nov-08
13204005,18 25 35 43 46 47,Nov-09
13208599,18 26 29 35 36 49,Apr-83
13208902,18 26 29 39 43 45,Oct-04
13211031,18 26 32 34 43 44,Oct-09
13214702,18 27 28 34 38 45,Jun-93
13218914,18 27 33 34 44 47,Nov-03
13221369,18 28 29 30 46 49,Nov-92
13228668,18 29 31 36 43 47,May-16
13228683,18 29 31 36 47 48,Feb-18
13229102,18 29 32 34 35 46,Apr-86
13235552,18 30 38 43 46 47,Jul-14
13240353,18 32 36 37 38 45,Dec-19
13241164,18 32 40 41 47 49,May-10
13246096,18 36 40 43 45 49,Nov-87
13249160,19 20 21 27 34 43,Oct-98
13251374,19 20 22 24 38 42,Mar-01
13252363,19 20 22 28 40 42,Oct-01
13256174,19 20 23 39 40 43,May-01
13258956,19 20 25 27 31 38,May-92
13262707,19 20 27 29 33 45,Jun-11
13264173,19 20 28 30 31 43,Aug-95
13269438,19 20 33 43 45 47,Jan-07
13270822,19 20 38 39 44 45,Jun-96
13271541,19 21 22 23 37 45,Dec-91
13277078,19 21 24 25 45 46,Jul-04
13277967,19 21 24 29 46 48,Jan-90
13283797,19 21 27 33 36 38,Mar-11
13284759,19 21 28 30 39 46,May-18
13286129,19 21 29 32 34 47,Aug-13
13288960,19 21 32 35 38 47,Dec-91
13289242,19 21 32 39 43 45,May-85
13296312,19 22 24 36 38 41,Nov-86
13315525,19 23 27 28 35 49,Aug-87
13327567,19 24 26 34 41 43,Nov-85
13332600,19 24 30 35 37 44,Jan-97
13334182,19 24 32 36 38 41,Oct-85
13338612,19 25 26 41 44 45,Nov-94
13344186,19 25 31 36 46 47,Jun-18
13345844,19 25 34 36 40 43,Aug-20
13346064,19 25 34 40 42 46,Mar-86
13357853,19 27 29 30 40 45,Jul-02
13361813,19 27 33 41 43 46,Aug-99
13365066,19 28 30 32 37 45,May-14
13369696,19 29 30 31 32 36,Jun-92
13372343,19 29 33 35 44 49,Feb-08
13372629,19 29 33 40 46 48,Feb-06
13373979,19 29 37 41 45 48,Oct-95
13375410,19 30 32 33 38 41,Sep-06
13375892,19 30 32 39 42 49,Nov-90
13383900,19 33 34 35 40 41,Jun-95
13386167,19 34 36 39 40 49,Sep-18
13387193,19 35 36 39 44 48,Apr-02
13389990,19 42 43 44 46 47,Jun-05
13391773,20 21 22 29 39 41,Apr-08
13399055,20 21 25 31 43 45,Feb-97
13402847,20 21 27 36 37 47,Aug-95
13406490,20 21 30 39 41 47,Mar-96
13407989,20 21 32 39 42 43,Jun-92
13409102,20 21 34 42 44 45,Aug-14
13410763,20 22 23 24 39 41,Jul-15
13420285,20 22 27 34 44 48,Nov-84
13424166,20 22 30 43 46 48,Feb-86
13427518,20 22 37 42 43 46,Aug-93
13427861,20 22 40 41 42 47,Dec-16
13429739,20 23 24 33 37 48,Oct-18
13441469,20 23 34 38 43 47,Feb-16
13445143,20 24 26 27 33 41,Nov-02
13446965,20 24 27 28 38 48,Aug-15
13448253,20 24 27 40 44 45,Oct-12
13449293,20 24 28 35 42 46,Apr-83
13452966,20 24 32 36 41 43,Dec-89
13454339,20 24 35 36 40 45,Jun-91
13456639,20 25 26 32 34 36,Jul-17
13457291,20 25 26 39 42 44,Jul-07
13459417,20 25 28 31 37 41,Jul-14
13463751,20 25 32 39 40 44,Feb-11
13467071,20 26 27 32 36 46,Apr-13
13468186,20 26 28 30 45 48,Feb-84
13469450,20 26 29 31 40 49,Oct-04
13469702,20 26 29 33 40 45,Oct-89
13473922,20 26 35 37 46 48,Nov-13
13477792,20 27 30 32 34 40,Mar-16
13479293,20 27 31 40 42 45,Sep-00
13480954,20 27 34 39 42 47,Dec-90
13482381,20 27 41 44 47 49,Sep-86
13483537,20 28 29 41 45 46,Oct-19
13485757,20 28 32 36 42 46,Oct-10
13491047,20 29 33 35 38 43,Jul-14
13491323,20 29 33 39 41 48,Dec-87
13492818,20 29 38 39 42 46,Jun-02
13494633,20 30 32 39 41 42,Sep-96
13503704,20 33 36 45 46 47,Apr-04
13505814,20 35 36 37 39 49,Jan-09
13507447,20 36 42 43 45 48,Nov-12
13509096,21 22 23 24 48 49,Apr-06
13510301,21 22 23 30 33 43,Feb-19
13515913,21 22 26 27 40 47,Feb-04
13520047,21 22 28 36 41 49,Sep-87
13520662,21 22 29 31 42 47,Mar-91
13521152,21 22 29 36 38 41,Sep-84
13528026,21 23 24 33 38 44,Jul-13
13537587,21 23 31 33 36 38,Aug-17
13537614,21 23 31 33 38 42,Feb-17
13537721,21 23 31 34 38 44,May-92
13542595,21 24 25 32 39 49,Mar-83
13549346,21 24 30 32 40 41,May-04
13551805,21 24 33 36 41 42,Jul-19
13554495,21 25 26 29 36 45,Oct-16
13561790,21 25 32 35 40 47,Sep-07
13565406,21 26 27 32 42 44,Nov-99
13565620,21 26 27 34 40 48,Jul-96
13567761,21 26 29 31 46 47,Nov-90
13567925,21 26 29 33 35 43,Dec-90
13568537,21 26 29 42 44 49,Nov-00
13568598,21 26 30 31 32 48,Aug-15
13570937,21 26 32 40 42 44,Jan-18
13574015,21 27 28 32 38 42,Jul-94
13584998,21 28 34 35 48 49,May-13
13585634,21 28 35 40 45 47,Nov-94
13588984,21 29 32 38 40 42,Nov-02
13589088,21 29 32 40 43 44,Jul-15
13596863,21 31 34 37 38 44,Jan-16
13598429,21 31 41 45 46 47,Jun-19
13607661,22 23 24 27 30 45,May-00
13609530,22 23 25 26 35 41,Jul-83
13612692,22 23 26 34 42 46,Mar-19
13618799,22 23 31 38 47 48,Jun-19
13619111,22 23 32 34 36 47,Dec-99
13623318,22 24 25 32 39 42,Nov-17
13628073,22 24 28 33 38 46,Mar-93
13631662,22 24 32 33 37 41,May-07
13634013,22 24 37 38 46 49,Mar-94
13644208,22 25 35 40 45 46,Apr-14
13648408,22 26 29 31 36 39,Feb-98
13651603,22 26 32 38 45 46,Mar-99
13657443,22 27 30 39 41 44,Oct-85
13658849,22 27 32 37 42 47,Jun-90
13661563,22 28 29 30 36 47,Oct-92
13666704,22 28 36 42 46 49,Apr-97
13671572,22 29 36 44 46 47,Feb-84
13680484,22 32 35 39 44 46,Dec-91
13682978,22 33 38 39 44 49,Nov-88
13688584,23 24 25 29 34 48,Sep-94
13699697,23 24 36 42 45 46,Jan-20
13700629,23 25 26 27 38 46,Nov-86
13703992,23 25 28 30 32 49,Aug-91
13706021,23 25 29 38 39 43,Sep-84
13714149,23 26 29 31 33 42,Oct-97
13715012,23 26 29 41 42 46,Oct-93
13720751,23 27 28 34 38 43,May-19
13724037,23 27 31 39 41 42,Jul-93
13724593,23 27 32 37 38 45,Mar-12
13725430,23 27 33 46 47 49,Aug-91
13726147,23 27 35 40 43 44,Jan-13
13726464,23 27 36 41 43 47,May-15
13727094,23 27 40 43 44 47,Feb-84
13728655,23 28 30 32 42 44,Jul-16
13731251,23 28 33 38 47 49,Jan-97
13734814,23 29 31 38 40 42,Nov-14
13735745,23 29 33 34 38 42,Nov-94
13738922,23 30 32 33 35 44,Sep-83
13739651,23 30 33 34 41 45,Oct-19
13740943,23 30 35 44 46 48,Apr-96
13741525,23 30 38 40 43 45,Aug-16
13742087,23 31 32 34 35 44,Oct-15
13743030,23 31 33 38 46 49,May-12
13743647,23 31 34 45 47 48,Dec-88
13744941,23 31 41 45 46 49,Feb-13
13745786,23 32 34 37 42 43,Jun-96
13753341,23 40 41 42 44 45,Mar-08
13754273,24 25 26 30 34 39,Feb-14
13757868,24 25 28 36 37 42,Nov-00
13766846,24 26 28 37 43 48,Jul-10
13768125,24 26 29 40 44 46,Jan-86
13780619,24 28 29 31 36 40,Apr-99
13784823,24 28 34 38 44 45,Nov-08
13786412,24 29 30 31 34 46,May-04
13789526,24 29 34 36 41 42,Jan-13
13795860,24 31 33 34 44 46,Apr-18
13801248,24 33 35 40 43 49,May-14
13802806,24 34 36 38 42 43,Jan-17
13805836,24 37 41 44 45 47,Oct-99
13806589,24 40 45 47 48 49,Jan-07
13812140,25 26 31 35 45 48,Jan-83
13813902,25 26 34 36 43 46,Dec-01
13816540,25 27 28 36 37 40,Jul-02
13819756,25 27 31 41 44 45,Oct-18
13822961,25 28 29 30 35 44,Sep-82
13828189,25 28 37 38 42 48,Sep-19
13828902,25 29 30 31 33 47,Aug-17
13829033,25 29 30 32 33 42,Dec-93
13855965,26 27 37 41 43 45,Jun-84
13858487,26 28 30 39 40 48,Jan-10
13859115,26 28 31 36 38 45,Nov-17
13859882,26 28 32 37 40 47,Oct-20
13860267,26 28 33 35 37 46,Jun-15
13866360,26 29 35 45 48 49,Dec-02
13868368,26 30 32 34 40 47,Feb-92
13868611,26 30 32 37 41 47,Jan-01
13869449,26 30 34 35 38 41,Mar-13
13874437,26 32 33 35 38 44,Jul-88
13879091,26 34 36 41 46 48,Mar-98
13881917,26 37 40 43 44 45,Jun-15
13885711,27 28 31 41 42 43,Mar-11
13886814,27 28 33 37 48 49,Mar-10
13887753,27 28 35 40 43 48,May-10
13889249,27 29 30 33 44 45,Apr-90
13891589,27 29 33 36 46 48,Jun-08
13893893,27 30 31 33 38 42,Mar-88
13898312,27 31 33 34 39 46,Apr-87
13908501,27 38 39 43 44 49,May-96
13908963,27 40 41 42 45 46,Apr-17
13913204,28 29 36 39 45 46,Aug-97
13914596,28 30 31 37 39 46,Aug-04
13917577,28 30 38 44 45 48,Nov-04
13921936,28 32 34 41 45 48,Feb-96
13927508,28 35 42 45 46 49,Aug-11
13931084,29 30 33 34 37 46,Oct-04
13937045,29 32 33 46 47 48,Dec-97
13940890,29 34 35 39 40 43,Apr-92
13942140,29 35 36 38 41 43,Jan-10
13945203,30 31 32 34 36 49,Jun-10
13949391,30 32 35 40 43 44,Sep-85
13950176,30 32 39 40 42 44,May-96
13952985,30 34 37 38 40 49,Jul-94
13958134,31 32 36 38 39 44,Nov-85
13963819,31 36 40 43 48 49,Oct-91
13970120,32 36 43 44 45 47,Apr-93
13972971,33 35 36 39 48 49,Mar-12
13983334,38 43 44 45 46 47,Oct-00
